,mapping_framework,mapping_framework_version,capability_group,capability_id,capability_description,mapping_type,tlctc_object_id,tlctc_object_name,tlctc_version,technology_domain,score_category,score_value,related_score,references,comments,organization,creation_date,last_update
0,veris,1.4.1,action.hacking,action.hacking.variety.Abuse of functionality,Abuse of functionality.,direct,#1,Abuse of Functions,2.5,all,,,,"[""https://www.tlctc.net"",""https://github.com/Barnes70/TLCTC/tree/main/mappings/veris"",""https://doi.org/10.5281/zenodo.20633176""]",Designed functionality used beyond its intended purpose; no code flaw and no foreign code are required.,TLCTC Project,2026-09-18,2026-09-18
1,veris,1.4.1,action.hacking,action.hacking.variety.Backdoor,Hacking action that creates a backdoor for use.,conditional,#1,Abuse of Functions,2.5,all,,,,"[""https://www.tlctc.net"",""https://github.com/Barnes70/TLCTC/tree/main/mappings/veris"",""https://doi.org/10.5281/zenodo.20633176""]","condition: the backdoor is a designed function left open (account, service, scheduled task, configuration); VERIS records the persistence result; TLCTC classifies the act that created it: reuse of designed functions is #1, an installed implant is #7 at the moment it executes.",TLCTC Project,2026-09-18,2026-09-18
2,veris,1.4.1,action.hacking,action.hacking.variety.Backdoor,Hacking action that creates a backdoor for use.,conditional,#7,Malware,2.5,all,,,,"[""https://www.tlctc.net"",""https://github.com/Barnes70/TLCTC/tree/main/mappings/veris"",""https://doi.org/10.5281/zenodo.20633176""]","R-EXEC; condition: the backdoor is foreign executable content installed on the system; VERIS records the persistence result; TLCTC classifies the act that created it: reuse of designed functions is #1, an installed implant is #7 at the moment it executes.",TLCTC Project,2026-09-18,2026-09-18
3,veris,1.4.1,action.hacking,action.hacking.variety.Brute force,Brute force or password guessing attacks.,direct,#4,Identity Theft,2.5,all,,,,"[""https://www.tlctc.net"",""https://github.com/Barnes70/TLCTC/tree/main/mappings/veris"",""https://doi.org/10.5281/zenodo.20633176""]","R-CRED; Password guessing or credential stuffing is credential application: the attacker authenticates as an identity that is not their own (R-CRED, Axiom X).",TLCTC Project,2026-09-18,2026-09-18
4,veris,1.4.1,action.hacking,action.hacking.variety.Buffer overflow,Buffer overflow. Child of 'Exploit vuln'.,direct,#2,Exploiting Server,2.5,all,,,,"[""https://www.tlctc.net"",""https://github.com/Barnes70/TLCTC/tree/main/mappings/veris"",""https://doi.org/10.5281/zenodo.20633176""]","R-ROLE; role: server; A code flaw exploited in a server-role component of the victim's service (R-ROLE); the sub-technique names the flaw class, not a different generic vulnerability.",TLCTC Project,2026-09-18,2026-09-18
5,veris,1.4.1,action.hacking,action.hacking.variety.Cache poisoning,Cache poisoning. Child of 'Exploit vuln'.,direct,#1,Abuse of Functions,2.5,all,,,,"[""https://www.tlctc.net"",""https://github.com/Barnes70/TLCTC/tree/main/mappings/veris"",""https://doi.org/10.5281/zenodo.20633176""]","Poisoning a cache places attacker data where the cache's designed function will serve it as authoritative (#1, consistent with the CWE-349 mapping); no code flaw is exploited. For a resolver cache the poisoning gains position and an interception step (#5) may follow.",TLCTC Project,2026-09-18,2026-09-18
6,veris,1.4.1,action.hacking,action.hacking.variety.Cryptanalysis,Cryptanalysis. Child of 'Exploit vuln'.,direct,#5,Man in the Middle,2.5,all,,,,"[""https://www.tlctc.net"",""https://github.com/Barnes70/TLCTC/tree/main/mappings/veris"",""https://doi.org/10.5281/zenodo.20633176""]","R-CHANNEL; Breaking the cryptography that protects a channel is a defect in a communication-path control: the generic vulnerability is insufficient control over the communication path, #5 (R-CHANNEL). Where the broken cryptography protects stored data, the step is the one that obtained the ciphertext and the cryptanalysis is attacker-side preparation.",TLCTC Project,2026-09-18,2026-09-18
7,veris,1.4.1,action.hacking,action.hacking.variety.CSRF,Cross-site request forgery. Child of 'Exploit vuln'.,direct,#1,Abuse of Functions,2.5,all,,,,"[""https://www.tlctc.net"",""https://github.com/Barnes70/TLCTC/tree/main/mappings/veris"",""https://doi.org/10.5281/zenodo.20633176""]","A forged request makes the victim's browser invoke a legitimate function with the victim's own session; no code flaw is exploited, the designed function is abused (#1), consistent with the CWE-352 mapping.",TLCTC Project,2026-09-18,2026-09-18
8,veris,1.4.1,action.hacking,action.hacking.variety.Disable controls,Disable or interfere with security controls,direct,#1,Abuse of Functions,2.5,all,,,,"[""https://www.tlctc.net"",""https://github.com/Barnes70/TLCTC/tree/main/mappings/veris"",""https://doi.org/10.5281/zenodo.20633176""]",Turning off or interfering with security controls uses administrative functions the attacker can already reach; the control failure that follows is not itself a threat (Axiom V).,TLCTC Project,2026-09-18,2026-09-18
9,veris,1.4.1,action.hacking,action.hacking.variety.DoS,Denial of service,conditional,#6,Flooding Attack,2.5,all,,,,"[""https://www.tlctc.net"",""https://github.com/Barnes70/TLCTC/tree/main/mappings/veris"",""https://doi.org/10.5281/zenodo.20633176""]","R-FLOOD; condition: volume or intensity exhausts finite resources; VERIS records the availability effect; TLCTC asks which generic vulnerability produced it (R-FLOOD): capacity is #6, a code defect is #2 or #3 per R-ROLE.",TLCTC Project,2026-09-18,2026-09-18
10,veris,1.4.1,action.hacking,action.hacking.variety.DoS,Denial of service,conditional,#2,Exploiting Server,2.5,all,,,,"[""https://www.tlctc.net"",""https://github.com/Barnes70/TLCTC/tree/main/mappings/veris"",""https://doi.org/10.5281/zenodo.20633176""]","R-FLOOD; condition: an implementation defect crashes or hangs a server-role component; VERIS records the availability effect; TLCTC asks which generic vulnerability produced it (R-FLOOD): capacity is #6, a code defect is #2 or #3 per R-ROLE.",TLCTC Project,2026-09-18,2026-09-18
11,veris,1.4.1,action.hacking,action.hacking.variety.DoS,Denial of service,conditional,#3,Exploiting Client,2.5,all,,,,"[""https://www.tlctc.net"",""https://github.com/Barnes70/TLCTC/tree/main/mappings/veris"",""https://doi.org/10.5281/zenodo.20633176""]","R-FLOOD; condition: an implementation defect crashes or hangs a client-role component; VERIS records the availability effect; TLCTC asks which generic vulnerability produced it (R-FLOOD): capacity is #6, a code defect is #2 or #3 per R-ROLE.",TLCTC Project,2026-09-18,2026-09-18
12,veris,1.4.1,action.hacking,action.hacking.variety.Evade Defenses,"Modification of the action (rather than the system, as in 'Disable controls') to avoid detection.",outcome,none,outcome (Axiom III),2.5,all,,,,"[""https://www.tlctc.net"",""https://github.com/Barnes70/TLCTC/tree/main/mappings/veris"",""https://doi.org/10.5281/zenodo.20633176""]","A property of how a step was carried out, not a step: evasion has no generic vulnerability of its own and is recorded as a capability of the classified step.",TLCTC Project,2026-09-18,2026-09-18
13,veris,1.4.1,action.hacking,action.hacking.variety.Exploit misconfig,Exploit a misconfiguration (vs vuln or weakness),direct,#1,Abuse of Functions,2.5,all,,,,"[""https://www.tlctc.net"",""https://github.com/Barnes70/TLCTC/tree/main/mappings/veris"",""https://doi.org/10.5281/zenodo.20633176""]","A misconfiguration is a designed function in a permissive state; using it is function abuse, not exploitation of a code flaw.",TLCTC Project,2026-09-18,2026-09-18
14,veris,1.4.1,action.hacking,action.hacking.variety.Exploit vuln,"Exploit vulnerability in code (vs misconfig or weakness). This can be used with other hacking enumerations, (such as XSS when an XSS vuln exists.). Parent of many hacking varieties.",conditional,#2,Exploiting Server,2.5,all,,,,"[""https://www.tlctc.net"",""https://github.com/Barnes70/TLCTC/tree/main/mappings/veris"",""https://doi.org/10.5281/zenodo.20633176""]","R-ROLE; condition: the flawed component serves the attacker's request (server role); A code flaw was exploited; the cluster follows from the role of the flawed component relative to the attacker (R-ROLE), which VERIS does not record.",TLCTC Project,2026-09-18,2026-09-18
15,veris,1.4.1,action.hacking,action.hacking.variety.Exploit vuln,"Exploit vulnerability in code (vs misconfig or weakness). This can be used with other hacking enumerations, (such as XSS when an XSS vuln exists.). Parent of many hacking varieties.",conditional,#3,Exploiting Client,2.5,all,,,,"[""https://www.tlctc.net"",""https://github.com/Barnes70/TLCTC/tree/main/mappings/veris"",""https://doi.org/10.5281/zenodo.20633176""]","R-ROLE; condition: the flawed component consumes attacker-supplied content (client role); A code flaw was exploited; the cluster follows from the role of the flawed component relative to the attacker (R-ROLE), which VERIS does not record.",TLCTC Project,2026-09-18,2026-09-18
16,veris,1.4.1,action.hacking,action.hacking.variety.Forced browsing,Forced browsing or predictable resource location. Child of 'Exploit vuln'.,direct,#1,Abuse of Functions,2.5,all,,,,"[""https://www.tlctc.net"",""https://github.com/Barnes70/TLCTC/tree/main/mappings/veris"",""https://doi.org/10.5281/zenodo.20633176""]","Requesting a resource directly bypasses controls the interface merely implied; the server serves what it was designed to serve without checking authorisation, which is function abuse (#1, consistent with the CWE-425 mapping) rather than a code flaw, although VERIS files it under Exploit vuln.",TLCTC Project,2026-09-18,2026-09-18
17,veris,1.4.1,action.hacking,action.hacking.variety.Format string attack,Format string attack. Child of 'Exploit vuln'.,direct,#2,Exploiting Server,2.5,all,,,,"[""https://www.tlctc.net"",""https://github.com/Barnes70/TLCTC/tree/main/mappings/veris"",""https://doi.org/10.5281/zenodo.20633176""]","R-ROLE; role: server; A code flaw exploited in a server-role component of the victim's service (R-ROLE); the sub-technique names the flaw class, not a different generic vulnerability.",TLCTC Project,2026-09-18,2026-09-18
18,veris,1.4.1,action.hacking,action.hacking.variety.Fuzz testing,Fuzz testing. Child of 'Exploit vuln'.,direct,#2,Exploiting Server,2.5,all,,,,"[""https://www.tlctc.net"",""https://github.com/Barnes70/TLCTC/tree/main/mappings/veris"",""https://doi.org/10.5281/zenodo.20633176""]","R-ROLE; role: server; A code flaw exploited in a server-role component of the victim's service (R-ROLE); the sub-technique names the flaw class, not a different generic vulnerability.",TLCTC Project,2026-09-18,2026-09-18
19,veris,1.4.1,action.hacking,action.hacking.variety.Hijack,To assume control over and steal functionality for an illicit purpose (e.g. Hijacking phone number intercept SMS verification codes),chain,#1,Abuse of Functions,2.5,all,,,,"[""https://www.tlctc.net"",""https://github.com/Barnes70/TLCTC/tree/main/mappings/veris"",""https://doi.org/10.5281/zenodo.20633176""]","companion after: #5 (interception of the diverted channel, R-MITM) or #4 (authentication with intercepted codes, R-CRED); notation: #1 → #5 | #1 → #4; Taking over a function such as a phone number, a domain or a route uses the provider's designed processes: #1, with no code flaw. The takeover is position acquisition; what follows is a separate step: #5 for interception from the diverted channel (R-MITM) or #4 where intercepted codes are presented as another identity (R-CRED).",TLCTC Project,2026-09-18,2026-09-18
20,veris,1.4.1,action.hacking,action.hacking.variety.HTTP request smuggling,HTTP request smuggling. Child of 'Exploit vuln'.,direct,#2,Exploiting Server,2.5,all,,,,"[""https://www.tlctc.net"",""https://github.com/Barnes70/TLCTC/tree/main/mappings/veris"",""https://doi.org/10.5281/zenodo.20633176""]","R-ROLE; role: server; A code flaw exploited in a server-role component of the victim's service (R-ROLE); the sub-technique names the flaw class, not a different generic vulnerability.",TLCTC Project,2026-09-18,2026-09-18
21,veris,1.4.1,action.hacking,action.hacking.variety.HTTP request splitting,HTTP request splitting. Child of 'Exploit vuln'.,direct,#2,Exploiting Server,2.5,all,,,,"[""https://www.tlctc.net"",""https://github.com/Barnes70/TLCTC/tree/main/mappings/veris"",""https://doi.org/10.5281/zenodo.20633176""]","R-ROLE; role: server; A code flaw exploited in a server-role component of the victim's service (R-ROLE); the sub-technique names the flaw class, not a different generic vulnerability.",TLCTC Project,2026-09-18,2026-09-18
22,veris,1.4.1,action.hacking,action.hacking.variety.HTTP response smuggling,HTTP response smuggling. Child of 'Exploit vuln'.,direct,#2,Exploiting Server,2.5,all,,,,"[""https://www.tlctc.net"",""https://github.com/Barnes70/TLCTC/tree/main/mappings/veris"",""https://doi.org/10.5281/zenodo.20633176""]","R-ROLE; role: server; A code flaw exploited in a server-role component of the victim's service (R-ROLE); the sub-technique names the flaw class, not a different generic vulnerability.",TLCTC Project,2026-09-18,2026-09-18
23,veris,1.4.1,action.hacking,action.hacking.variety.HTTP response splitting,HTTP response splitting. Child of 'Exploit vuln'.,direct,#2,Exploiting Server,2.5,all,,,,"[""https://www.tlctc.net"",""https://github.com/Barnes70/TLCTC/tree/main/mappings/veris"",""https://doi.org/10.5281/zenodo.20633176""]","R-ROLE; role: server; A code flaw exploited in a server-role component of the victim's service (R-ROLE); the sub-technique names the flaw class, not a different generic vulnerability.",TLCTC Project,2026-09-18,2026-09-18
24,veris,1.4.1,action.hacking,action.hacking.variety.Insecure deserialization,iterating over sequential or obvious values. https://www.owasp.org/index.php/Top_10-2017_A8-Insecure_Deserialization. Child of 'Exploit vuln'.,chain,#2,Exploiting Server,2.5,all,,,,"[""https://www.tlctc.net"",""https://github.com/Barnes70/TLCTC/tree/main/mappings/veris"",""https://doi.org/10.5281/zenodo.20633176""]","R-ROLE; role: server; companion after: #7 (the gadget chain executes attacker-controlled code, R-EXEC); notation: #2 → #7; Deserialising attacker-controlled bytes in a server-role component is a code flaw (#2, R-ROLE); the gadget chain it triggers executes attacker-controlled code, a #7 step at execution (R-EXEC), as in the CWE-502 mapping.",TLCTC Project,2026-09-18,2026-09-18
25,veris,1.4.1,action.hacking,action.hacking.variety.Integer overflows,Integer overflows. Child of 'Exploit vuln'.,direct,#2,Exploiting Server,2.5,all,,,,"[""https://www.tlctc.net"",""https://github.com/Barnes70/TLCTC/tree/main/mappings/veris"",""https://doi.org/10.5281/zenodo.20633176""]","R-ROLE; role: server; A code flaw exploited in a server-role component of the victim's service (R-ROLE); the sub-technique names the flaw class, not a different generic vulnerability.",TLCTC Project,2026-09-18,2026-09-18
26,veris,1.4.1,action.hacking,action.hacking.variety.LDAP injection,LDAP injection. Child of 'Exploit vuln'.,direct,#2,Exploiting Server,2.5,all,,,,"[""https://www.tlctc.net"",""https://github.com/Barnes70/TLCTC/tree/main/mappings/veris"",""https://doi.org/10.5281/zenodo.20633176""]","R-ROLE; role: server; A code flaw exploited in a server-role component of the victim's service (R-ROLE); the sub-technique names the flaw class, not a different generic vulnerability.",TLCTC Project,2026-09-18,2026-09-18
27,veris,1.4.1,action.hacking,action.hacking.variety.Mail command injection,Mail command injection. Child of 'Exploit vuln'.,direct,#2,Exploiting Server,2.5,all,,,,"[""https://www.tlctc.net"",""https://github.com/Barnes70/TLCTC/tree/main/mappings/veris"",""https://doi.org/10.5281/zenodo.20633176""]","R-ROLE; role: server; A code flaw exploited in a server-role component of the victim's service (R-ROLE); the sub-technique names the flaw class, not a different generic vulnerability.",TLCTC Project,2026-09-18,2026-09-18
28,veris,1.4.1,action.hacking,action.hacking.variety.AitM,Adversary-in-the-middle attack. Child of 'Exploit vuln'.,chain,#5,Man in the Middle,2.5,all,,,,"[""https://www.tlctc.net"",""https://github.com/Barnes70/TLCTC/tree/main/mappings/veris"",""https://doi.org/10.5281/zenodo.20633176""]","R-MITM; companion before: the position-acquiring cluster (#1, #2, #4, #9 or #7); notation: <position acquisition> → #5; Interception or relay from an on-path position is #5 once the position exists; gaining the position is a separate earlier step (R-MITM).",TLCTC Project,2026-09-18,2026-09-18
29,veris,1.4.1,action.hacking,action.hacking.variety.Null byte injection,Null byte injection. Child of 'Exploit vuln'.,direct,#2,Exploiting Server,2.5,all,,,,"[""https://www.tlctc.net"",""https://github.com/Barnes70/TLCTC/tree/main/mappings/veris"",""https://doi.org/10.5281/zenodo.20633176""]","R-ROLE; role: server; A code flaw exploited in a server-role component of the victim's service (R-ROLE); the sub-technique names the flaw class, not a different generic vulnerability.",TLCTC Project,2026-09-18,2026-09-18
30,veris,1.4.1,action.hacking,action.hacking.variety.Offline cracking,"Offline password or key cracking (e.g., rainbow tables, Hashcat, JtR)",chain,#4,Identity Theft,2.5,all,,,,"[""https://www.tlctc.net"",""https://github.com/Barnes70/TLCTC/tree/main/mappings/veris"",""https://doi.org/10.5281/zenodo.20633176""]","R-CRED; companion before: the cluster that yielded the hashes or key material (#2, #7, #1 or #8); notation: <hash acquisition> → #4; Cracking is attacker-side preparation; the recorded step is the later authentication with the recovered credential (#4), with the step that exposed the hashes before it (Axiom X).",TLCTC Project,2026-09-18,2026-09-18
31,veris,1.4.1,action.hacking,action.hacking.variety.OS commanding,OS commanding. Child of 'Exploit vuln'.,direct,#2,Exploiting Server,2.5,all,,,,"[""https://www.tlctc.net"",""https://github.com/Barnes70/TLCTC/tree/main/mappings/veris"",""https://doi.org/10.5281/zenodo.20633176""]","R-ROLE; role: server; A code flaw exploited in a server-role component of the victim's service (R-ROLE); the sub-technique names the flaw class, not a different generic vulnerability.",TLCTC Project,2026-09-18,2026-09-18
32,veris,1.4.1,action.hacking,action.hacking.variety.Pass-the-hash,Pass-the-hash,chain,#4,Identity Theft,2.5,all,,,,"[""https://www.tlctc.net"",""https://github.com/Barnes70/TLCTC/tree/main/mappings/veris"",""https://doi.org/10.5281/zenodo.20633176""]","R-CRED; companion before: the acquiring cluster (#9, #7, #3, #2, #10, #8 or #5); notation: <acquisition> → #4; Presenting a captured hash authenticates as another identity: credential application is #4 whatever the acquisition (R-CRED); the capture is a separate earlier step.",TLCTC Project,2026-09-18,2026-09-18
33,veris,1.4.1,action.hacking,action.hacking.variety.Path traversal,Path traversal. Child of 'Exploit vuln'.,direct,#2,Exploiting Server,2.5,all,,,,"[""https://www.tlctc.net"",""https://github.com/Barnes70/TLCTC/tree/main/mappings/veris"",""https://doi.org/10.5281/zenodo.20633176""]","R-ROLE; role: server; A code flaw exploited in a server-role component of the victim's service (R-ROLE); the sub-technique names the flaw class, not a different generic vulnerability.",TLCTC Project,2026-09-18,2026-09-18
34,veris,1.4.1,action.hacking,action.hacking.variety.Profile host,Enumerating the state of the current host,direct,#1,Abuse of Functions,2.5,all,,,,"[""https://www.tlctc.net"",""https://github.com/Barnes70/TLCTC/tree/main/mappings/veris"",""https://doi.org/10.5281/zenodo.20633176""]",Host enumeration uses designed system functions; it is reconnaissance carried out as function abuse on a system the attacker can already reach.,TLCTC Project,2026-09-18,2026-09-18
35,veris,1.4.1,action.hacking,action.hacking.variety.Prompt injection,Crafting malicious or misleading prompts to bypassing safety filters and executing unintended instructions in LLMs,direct,#1,Abuse of Functions,2.5,all,,,,"[""https://www.tlctc.net"",""https://github.com/Barnes70/TLCTC/tree/main/mappings/veris"",""https://doi.org/10.5281/zenodo.20633176""]",Instructions placed in content the model is designed to read use the model's intended function; no code flaw and no foreign executable are involved (substrate-neutral reading used in the agentic-AI paths).,TLCTC Project,2026-09-18,2026-09-18
36,veris,1.4.1,action.hacking,action.hacking.variety.Reverse engineering,Reverse engineering. Child of 'Exploit vuln'.,no-cluster,none,"out of scope: attacker-side preparation, no step against the target system",2.5,all,,,,"[""https://www.tlctc.net"",""https://github.com/Barnes70/TLCTC/tree/main/mappings/veris"",""https://doi.org/10.5281/zenodo.20633176""]","partition row: attack; Analysis of code or hardware in the attacker's own environment is preparation; no step touches the victim's system, so no cluster applies (threat potential, not a threat).",TLCTC Project,2026-09-18,2026-09-18
37,veris,1.4.1,action.hacking,action.hacking.variety.RFI,Remote file inclusion. Child of 'Exploit vuln'.,chain,#2,Exploiting Server,2.5,all,,,,"[""https://www.tlctc.net"",""https://github.com/Barnes70/TLCTC/tree/main/mappings/veris"",""https://doi.org/10.5281/zenodo.20633176""]","R-ROLE; role: server; companion after: #7 (the included remote file executes, R-EXEC); notation: #2 → #7; A server-role component passes an attacker-controlled path to an include function (#2, R-ROLE); the remote file it loads is foreign executable content, so a #7 step follows at execution (R-EXEC), as in the CWE-98 mapping.",TLCTC Project,2026-09-18,2026-09-18
38,veris,1.4.1,action.hacking,action.hacking.variety.Routing detour,Routing detour. Child of 'Exploit vuln'.,chain,#2,Exploiting Server,2.5,all,,,,"[""https://www.tlctc.net"",""https://github.com/Barnes70/TLCTC/tree/main/mappings/veris"",""https://doi.org/10.5281/zenodo.20633176""]","R-ROLE; role: server; companion after: #5 (interception of the detoured messages, R-MITM); notation: #2 → #5; VERIS lists routing detour under Exploit vuln: a flaw in how a server-role component handles routing or addressing headers lets the attacker redirect messages (#2, R-ROLE). The redirection gains position; the interception that follows is a separate #5 step (R-MITM).",TLCTC Project,2026-09-18,2026-09-18
39,veris,1.4.1,action.hacking,action.hacking.variety.Scan network,Enumerating the state of the network,direct,#1,Abuse of Functions,2.5,all,,,,"[""https://www.tlctc.net"",""https://github.com/Barnes70/TLCTC/tree/main/mappings/veris"",""https://doi.org/10.5281/zenodo.20633176""]",Network enumeration uses designed protocol functions; it is reconnaissance carried out as function abuse from a position the attacker already holds.,TLCTC Project,2026-09-18,2026-09-18
40,veris,1.4.1,action.hacking,action.hacking.variety.Session fixation,Session fixation. Child of 'Exploit vuln'.,direct,#4,Identity Theft,2.5,all,,,,"[""https://www.tlctc.net"",""https://github.com/Barnes70/TLCTC/tree/main/mappings/veris"",""https://doi.org/10.5281/zenodo.20633176""]","R-CRED; The attacker fixes the victim's session identifier and then presents it as the victim's authenticated session: the system is deceived about who is authenticating, #4 (R-CRED, consistent with the CWE-384 mapping). The weak session management is the enabling condition, not a separate step.",TLCTC Project,2026-09-18,2026-09-18
41,veris,1.4.1,action.hacking,action.hacking.variety.Session prediction,Credential or session prediction. Child of 'Exploit vuln'.,direct,#4,Identity Theft,2.5,all,,,,"[""https://www.tlctc.net"",""https://github.com/Barnes70/TLCTC/tree/main/mappings/veris"",""https://doi.org/10.5281/zenodo.20633176""]",R-CRED; A predicted credential or session identifier is presented as another identity's proof of authentication: #4 (R-CRED). Guessing the identifier is preparation; the recorded step is its use.,TLCTC Project,2026-09-18,2026-09-18
42,veris,1.4.1,action.hacking,action.hacking.variety.Session replay,Session replay. Child of 'Exploit vuln'.,chain,#4,Identity Theft,2.5,all,,,,"[""https://www.tlctc.net"",""https://github.com/Barnes70/TLCTC/tree/main/mappings/veris"",""https://doi.org/10.5281/zenodo.20633176""]","R-CRED; companion before: the acquiring cluster (#9, #7, #3, #2, #10, #8 or #5); notation: <acquisition> → #4; Replaying a captured session token presents another identity's proof of authentication: credential application is #4 (R-CRED); the capture is a separate earlier step.",TLCTC Project,2026-09-18,2026-09-18
43,veris,1.4.1,action.hacking,action.hacking.variety.Soap array abuse,Soap array abuse. Child of 'Exploit vuln'.,direct,#2,Exploiting Server,2.5,all,,,,"[""https://www.tlctc.net"",""https://github.com/Barnes70/TLCTC/tree/main/mappings/veris"",""https://doi.org/10.5281/zenodo.20633176""]","R-ROLE; role: server; A code flaw exploited in a server-role component of the victim's service (R-ROLE); the sub-technique names the flaw class, not a different generic vulnerability.",TLCTC Project,2026-09-18,2026-09-18
44,veris,1.4.1,action.hacking,action.hacking.variety.Special element injection,Special element injection. Child of 'Exploit vuln'.,direct,#2,Exploiting Server,2.5,all,,,,"[""https://www.tlctc.net"",""https://github.com/Barnes70/TLCTC/tree/main/mappings/veris"",""https://doi.org/10.5281/zenodo.20633176""]","R-ROLE; role: server; A code flaw exploited in a server-role component of the victim's service (R-ROLE); the sub-technique names the flaw class, not a different generic vulnerability.",TLCTC Project,2026-09-18,2026-09-18
45,veris,1.4.1,action.hacking,action.hacking.variety.SQLi,SQL injection. Child of 'Exploit vuln'.,direct,#2,Exploiting Server,2.5,all,,,,"[""https://www.tlctc.net"",""https://github.com/Barnes70/TLCTC/tree/main/mappings/veris"",""https://doi.org/10.5281/zenodo.20633176""]","R-ROLE; role: server; A code flaw exploited in a server-role component of the victim's service (R-ROLE); the sub-technique names the flaw class, not a different generic vulnerability.",TLCTC Project,2026-09-18,2026-09-18
46,veris,1.4.1,action.hacking,action.hacking.variety.SSI injection,SSI injection. Child of 'Exploit vuln'.,direct,#2,Exploiting Server,2.5,all,,,,"[""https://www.tlctc.net"",""https://github.com/Barnes70/TLCTC/tree/main/mappings/veris"",""https://doi.org/10.5281/zenodo.20633176""]","R-ROLE; role: server; A code flaw exploited in a server-role component of the victim's service (R-ROLE); the sub-technique names the flaw class, not a different generic vulnerability.",TLCTC Project,2026-09-18,2026-09-18
47,veris,1.4.1,action.hacking,action.hacking.variety.URL redirector abuse,URL redirector abuse. Child of 'Exploit vuln'.,direct,#1,Abuse of Functions,2.5,all,,,,"[""https://www.tlctc.net"",""https://github.com/Barnes70/TLCTC/tree/main/mappings/veris"",""https://doi.org/10.5281/zenodo.20633176""]",An open redirect is a designed function that accepts an untrusted destination; abusing it is #1 (consistent with the CWE-601 mapping). It typically enables a #9 lure or a #3 step that follows.,TLCTC Project,2026-09-18,2026-09-18
48,veris,1.4.1,action.hacking,action.hacking.variety.Use of stolen creds,Use of stolen or default authentication credentials (including credential stuffing),chain,#4,Identity Theft,2.5,all,,,,"[""https://www.tlctc.net"",""https://github.com/Barnes70/TLCTC/tree/main/mappings/veris"",""https://doi.org/10.5281/zenodo.20633176""]","R-CRED; companion before: the acquiring cluster (#9, #7, #3, #2, #10, #8 or #5); notation: <acquisition> → #4; Authenticating with a credential that is not the presenter's own is always #4 (R-CRED, Axiom X); the acquisition is a separate earlier step whose cluster VERIS does not record. Default credentials count as stolen for this purpose.",TLCTC Project,2026-09-18,2026-09-18
49,veris,1.4.1,action.hacking,action.hacking.variety.User breakout,Elevation of privilege by another customer in shared environment. Child of 'Exploit vuln'.,direct,#2,Exploiting Server,2.5,all,,,,"[""https://www.tlctc.net"",""https://github.com/Barnes70/TLCTC/tree/main/mappings/veris"",""https://doi.org/10.5281/zenodo.20633176""]","R-ROLE; role: server; Escaping a tenant boundary exploits a flaw in the shared platform that serves the tenant; the boundary crossed is an intra-system annotation, not a classification input (R-INTRA-7).",TLCTC Project,2026-09-18,2026-09-18
50,veris,1.4.1,action.hacking,action.hacking.variety.Virtual machine escape,Virtual machine escape. Child of 'Exploit vuln'.,direct,#2,Exploiting Server,2.5,all,,,,"[""https://www.tlctc.net"",""https://github.com/Barnes70/TLCTC/tree/main/mappings/veris"",""https://doi.org/10.5281/zenodo.20633176""]","R-ROLE; role: server; The hypervisor serves the guest's requests; a flaw in it is a server-role flaw (R-ROLE, hypercall interface). The |[hypervisor]| boundary is an annotation only (R-INTRA-7).",TLCTC Project,2026-09-18,2026-09-18
51,veris,1.4.1,action.hacking,action.hacking.variety.XML attribute blowup,XML attribute blowup. Child of 'Exploit vuln'.,direct,#6,Flooding Attack,2.5,all,,,,"[""https://www.tlctc.net"",""https://github.com/Barnes70/TLCTC/tree/main/mappings/veris"",""https://doi.org/10.5281/zenodo.20633176""]","R-FLOOD; A document crafted to make attribute parsing quadratic exhausts finite processing capacity: #6 (R-FLOOD), the same shape as entity expansion.",TLCTC Project,2026-09-18,2026-09-18
52,veris,1.4.1,action.hacking,action.hacking.variety.XML entity expansion,XML entity expansion. Child of 'Exploit vuln'.,direct,#6,Flooding Attack,2.5,all,,,,"[""https://www.tlctc.net"",""https://github.com/Barnes70/TLCTC/tree/main/mappings/veris"",""https://doi.org/10.5281/zenodo.20633176""]","R-FLOOD; Recursive entity references make a small document expand into a resource-exhausting one: intensity exhausting finite capacity, #6 (R-FLOOD, consistent with the CWE-776 mapping).",TLCTC Project,2026-09-18,2026-09-18
53,veris,1.4.1,action.hacking,action.hacking.variety.XML external entities,XML external entities. Child of 'Exploit vuln'.,direct,#2,Exploiting Server,2.5,all,,,,"[""https://www.tlctc.net"",""https://github.com/Barnes70/TLCTC/tree/main/mappings/veris"",""https://doi.org/10.5281/zenodo.20633176""]","R-ROLE; role: server; A code flaw exploited in a server-role component of the victim's service (R-ROLE); the sub-technique names the flaw class, not a different generic vulnerability.",TLCTC Project,2026-09-18,2026-09-18
54,veris,1.4.1,action.hacking,action.hacking.variety.XML injection,XML injection. Child of 'Exploit vuln'.,direct,#2,Exploiting Server,2.5,all,,,,"[""https://www.tlctc.net"",""https://github.com/Barnes70/TLCTC/tree/main/mappings/veris"",""https://doi.org/10.5281/zenodo.20633176""]","R-ROLE; role: server; A code flaw exploited in a server-role component of the victim's service (R-ROLE); the sub-technique names the flaw class, not a different generic vulnerability.",TLCTC Project,2026-09-18,2026-09-18
55,veris,1.4.1,action.hacking,action.hacking.variety.XPath injection,XPath injection. Child of 'Exploit vuln'.,direct,#2,Exploiting Server,2.5,all,,,,"[""https://www.tlctc.net"",""https://github.com/Barnes70/TLCTC/tree/main/mappings/veris"",""https://doi.org/10.5281/zenodo.20633176""]","R-ROLE; role: server; A code flaw exploited in a server-role component of the victim's service (R-ROLE); the sub-technique names the flaw class, not a different generic vulnerability.",TLCTC Project,2026-09-18,2026-09-18
56,veris,1.4.1,action.hacking,action.hacking.variety.XQuery injection,XQuery injection. Child of 'Exploit vuln'.,direct,#2,Exploiting Server,2.5,all,,,,"[""https://www.tlctc.net"",""https://github.com/Barnes70/TLCTC/tree/main/mappings/veris"",""https://doi.org/10.5281/zenodo.20633176""]","R-ROLE; role: server; A code flaw exploited in a server-role component of the victim's service (R-ROLE); the sub-technique names the flaw class, not a different generic vulnerability.",TLCTC Project,2026-09-18,2026-09-18
57,veris,1.4.1,action.hacking,action.hacking.variety.XSS,Cross-site scripting. Child of 'Exploit vuln'.,conditional,#2,Exploiting Server,2.5,all,,,,"[""https://www.tlctc.net"",""https://github.com/Barnes70/TLCTC/tree/main/mappings/veris"",""https://doi.org/10.5281/zenodo.20633176""]","R-ROLE; condition: stored or reflected: the server-role application fails to encode attacker input into its output (the script then executes in a client, #7 per R-EXEC); role: server; Cross-site scripting is classified by where the encoding flaw sits (R-ROLE), as in the CWE-79 mapping: stored and reflected XSS are a server-role flaw (#2) whose injected script executes in the victim's browser as a #7 follow-on; DOM-based XSS is a client-role flaw (#3). VERIS does not record which.",TLCTC Project,2026-09-18,2026-09-18
58,veris,1.4.1,action.hacking,action.hacking.variety.XSS,Cross-site scripting. Child of 'Exploit vuln'.,conditional,#3,Exploiting Client,2.5,all,,,,"[""https://www.tlctc.net"",""https://github.com/Barnes70/TLCTC/tree/main/mappings/veris"",""https://doi.org/10.5281/zenodo.20633176""]","R-ROLE; condition: DOM-based: the flaw is in the client-side code that handles attacker-controlled input; role: client; Cross-site scripting is classified by where the encoding flaw sits (R-ROLE), as in the CWE-79 mapping: stored and reflected XSS are a server-role flaw (#2) whose injected script executes in the victim's browser as a #7 follow-on; DOM-based XSS is a client-role flaw (#3). VERIS does not record which.",TLCTC Project,2026-09-18,2026-09-18
59,veris,1.4.1,action.hacking,action.hacking.variety.Other,Other,unresolved,none,unresolved (R-UNRES-2),2.5,all,,,,"[""https://www.tlctc.net"",""https://github.com/Barnes70/TLCTC/tree/main/mappings/veris"",""https://doi.org/10.5281/zenodo.20633176""]","The record says a hacking action occurred without naming it; no cluster can be defended from the value alone (R-UNRES-9 applies to the evidence, not to the label).",TLCTC Project,2026-09-18,2026-09-18
60,veris,1.4.1,action.hacking,action.hacking.variety.Unknown,Unknown,unresolved,none,unresolved (R-UNRES-2),2.5,all,,,,"[""https://www.tlctc.net"",""https://github.com/Barnes70/TLCTC/tree/main/mappings/veris"",""https://doi.org/10.5281/zenodo.20633176""]",The record says a hacking action occurred without naming it; no cluster can be defended from the value alone.,TLCTC Project,2026-09-18,2026-09-18
61,veris,1.4.1,action.hacking,action.hacking.vector.3rd party desktop,"3rd party online desktop sharing (LogMeIn, Go2Assist)",context,none,context: role server,2.5,all,,,,"[""https://www.tlctc.net"",""https://github.com/Barnes70/TLCTC/tree/main/mappings/veris"",""https://doi.org/10.5281/zenodo.20633176""]",role_hint: server; note: remote-access service; A remote-access service reached from outside; the cluster comes from what was done at it: credential application (#4) or a flaw in the service (#2).,TLCTC Project,2026-09-18,2026-09-18
62,veris,1.4.1,action.hacking,action.hacking.vector.Backdoor,Hacking actions taken through a backdoor.  C2 is only used by malware.,context,none,context: channel established by an earlier step,2.5,all,,,,"[""https://www.tlctc.net"",""https://github.com/Barnes70/TLCTC/tree/main/mappings/veris"",""https://doi.org/10.5281/zenodo.20633176""]","note: channel established by an earlier step; Actions taken through a backdoor established by an earlier step; classify the step that created the backdoor, and the actions taken through it by their own generic vulnerability.",TLCTC Project,2026-09-18,2026-09-18
63,veris,1.4.1,action.hacking,action.hacking.vector.Command shell,Remote shell,context,none,context: channel established by an earlier step,2.5,all,,,,"[""https://www.tlctc.net"",""https://github.com/Barnes70/TLCTC/tree/main/mappings/veris"",""https://doi.org/10.5281/zenodo.20633176""]","note: channel established by an earlier step; A remote shell is the channel of later steps, not a generic vulnerability; classify the step that provided the shell.",TLCTC Project,2026-09-18,2026-09-18
64,veris,1.4.1,action.hacking,action.hacking.vector.Desktop sharing,"Graphical desktop sharing (RDP, VNC, PCAnywhere, Citrix)",context,none,context: role server,2.5,all,,,,"[""https://www.tlctc.net"",""https://github.com/Barnes70/TLCTC/tree/main/mappings/veris"",""https://doi.org/10.5281/zenodo.20633176""]",role_hint: server; note: remote-access service; A graphical remote-access service reached from outside; the cluster comes from what was done at it: credential application (#4) or a flaw in the service (#2).,TLCTC Project,2026-09-18,2026-09-18
65,veris,1.4.1,action.hacking,action.hacking.vector.Desktop sharing software,Superset of 'Desktop sharing' and '3rd party desktop'.  Please use in place of the other two,context,none,context: role server,2.5,all,,,,"[""https://www.tlctc.net"",""https://github.com/Barnes70/TLCTC/tree/main/mappings/veris"",""https://doi.org/10.5281/zenodo.20633176""]",role_hint: server; note: remote-access service; A remote-access service reached from outside; the cluster comes from what was done at it: credential application (#4) or a flaw in the service (#2).,TLCTC Project,2026-09-18,2026-09-18
66,veris,1.4.1,action.hacking,action.hacking.vector.Hypervisor,Hypervisor break-out attack,context,none,context: |[hypervisor]|,2.5,all,,,,"[""https://www.tlctc.net"",""https://github.com/Barnes70/TLCTC/tree/main/mappings/veris"",""https://doi.org/10.5281/zenodo.20633176""]","intra_system_boundary: hypervisor; The crossing is an intra-system boundary |[hypervisor][@guest→@host]|; it never changes the cluster (R-INTRA-7), which follows from the flaw exploited (R-ROLE).",TLCTC Project,2026-09-18,2026-09-18
67,veris,1.4.1,action.hacking,action.hacking.vector.Inter-tenant,Penetration of another VM or web site on shared device or infrastructure,context,none,context: |[privilege]|,2.5,all,,,,"[""https://www.tlctc.net"",""https://github.com/Barnes70/TLCTC/tree/main/mappings/veris"",""https://doi.org/10.5281/zenodo.20633176""]",intra_system_boundary: privilege; Crossing from one tenant to another is an intra-system or platform boundary annotation; the cluster follows from the flaw or function used to cross it.,TLCTC Project,2026-09-18,2026-09-18
68,veris,1.4.1,action.hacking,action.hacking.vector.Other network service,Network service that is not remote access or a web application.,context,none,context: role server,2.5,all,,,,"[""https://www.tlctc.net"",""https://github.com/Barnes70/TLCTC/tree/main/mappings/veris"",""https://doi.org/10.5281/zenodo.20633176""]","role_hint: server; A network service in a server role relative to the attacker; the cluster follows from what was exploited at it (#2 for a flaw, #1 for a designed function, #4 for a credential).",TLCTC Project,2026-09-18,2026-09-18
69,veris,1.4.1,action.hacking,action.hacking.vector.Partner,Partner connection or credential. (Indicates supply chain breach.),context,none,context: @Vendor→@Org,2.5,all,,,,"[""https://www.tlctc.net"",""https://github.com/Barnes70/TLCTC/tree/main/mappings/veris"",""https://doi.org/10.5281/zenodo.20633176""]",boundary: @Vendor→@Org; note: R-SUPPLY decides #10 versus transit; A partner connection or credential marks a responsibility-sphere crossing ||[…][@Vendor→@Org]||. It is #10 only where a trust artefact from the partner was honoured by the victim's system (R-SUPPLY); otherwise the partner is a transit carrier (⇒) and the step keeps its own cluster.,TLCTC Project,2026-09-18,2026-09-18
70,veris,1.4.1,action.hacking,action.hacking.vector.Physical access,"Physical access or connection (i.e., at keyboard or via cable) ",context,none,context: physical,2.5,all,,,,"[""https://www.tlctc.net"",""https://github.com/Barnes70/TLCTC/tree/main/mappings/veris"",""https://doi.org/10.5281/zenodo.20633176""]","boundary_context: physical; The step was carried out at the keyboard or on a cable; this is the [physical] boundary context of the step, whose cluster follows from what was done (#8 for hardware interaction, #1 or #4 for actions at the console).",TLCTC Project,2026-09-18,2026-09-18
71,veris,1.4.1,action.hacking,action.hacking.vector.VPN,VPN,context,none,context: role server,2.5,all,,,,"[""https://www.tlctc.net"",""https://github.com/Barnes70/TLCTC/tree/main/mappings/veris"",""https://doi.org/10.5281/zenodo.20633176""]","role_hint: server; note: remote-access service; A remote-access service in a server role; the cluster follows from what was exploited at it (#4 for credentials, #2 for a flaw in the gateway, #1 for a permissive configuration).",TLCTC Project,2026-09-18,2026-09-18
72,veris,1.4.1,action.hacking,action.hacking.vector.Web application,Web application,context,none,context: role server,2.5,all,,,,"[""https://www.tlctc.net"",""https://github.com/Barnes70/TLCTC/tree/main/mappings/veris"",""https://doi.org/10.5281/zenodo.20633176""]",role_hint: server; The web application is in a server role relative to the attacker; ambiguous #2 | #3 mappings resolve to #2 here (R-ROLE).,TLCTC Project,2026-09-18,2026-09-18
73,veris,1.4.1,action.hacking,action.hacking.vector.Other,Other,unresolved,none,unresolved (R-UNRES-2),2.5,all,,,,"[""https://www.tlctc.net"",""https://github.com/Barnes70/TLCTC/tree/main/mappings/veris"",""https://doi.org/10.5281/zenodo.20633176""]",The vector is recorded as unspecified; no context annotation can be derived.,TLCTC Project,2026-09-18,2026-09-18
74,veris,1.4.1,action.hacking,action.hacking.vector.Unknown,Unknown,unresolved,none,unresolved (R-UNRES-2),2.5,all,,,,"[""https://www.tlctc.net"",""https://github.com/Barnes70/TLCTC/tree/main/mappings/veris"",""https://doi.org/10.5281/zenodo.20633176""]",The vector is not recorded; no context annotation can be derived.,TLCTC Project,2026-09-18,2026-09-18
75,veris,1.4.1,action.malware,action.malware.variety.Adminware,"System or network utilities (e.g., PsTools, Netcat)",conditional,#1,Abuse of Functions,2.5,all,,,,"[""https://www.tlctc.net"",""https://github.com/Barnes70/TLCTC/tree/main/mappings/veris"",""https://doi.org/10.5281/zenodo.20633176""]",condition: the tooling is legitimate software already present or installable through designed functions (living off the land); System utilities used by an attacker are function abuse unless the binary itself is foreign to the system; VERIS does not record which.,TLCTC Project,2026-09-18,2026-09-18
76,veris,1.4.1,action.malware,action.malware.variety.Adminware,"System or network utilities (e.g., PsTools, Netcat)",conditional,#7,Malware,2.5,all,,,,"[""https://www.tlctc.net"",""https://github.com/Barnes70/TLCTC/tree/main/mappings/veris"",""https://doi.org/10.5281/zenodo.20633176""]",R-EXEC; condition: the attacker introduced foreign executable content; System utilities used by an attacker are function abuse unless the binary itself is foreign to the system; VERIS does not record which.,TLCTC Project,2026-09-18,2026-09-18
77,veris,1.4.1,action.malware,action.malware.variety.Adware,Adware,chain,#7,Malware,2.5,all,,,,"[""https://www.tlctc.net"",""https://github.com/Barnes70/TLCTC/tree/main/mappings/veris"",""https://doi.org/10.5281/zenodo.20633176""]","R-EXEC; companion before: the enabling cluster (#9, #3, #2, #1, #10, #4, #8 or #5); notation: <enabler> → #7; Unwanted advertising code that executes on the system is foreign executable content (#7 at execution, R-EXEC); its delivery is a separate earlier step.",TLCTC Project,2026-09-18,2026-09-18
78,veris,1.4.1,action.malware,action.malware.variety.Backdoor,Malware creates a backdoor capability for hacking. Child of 'RAT' when combined with 'Trojan'. Child of 'Backdoor or C2'.,chain,#7,Malware,2.5,all,,,,"[""https://www.tlctc.net"",""https://github.com/Barnes70/TLCTC/tree/main/mappings/veris"",""https://doi.org/10.5281/zenodo.20633176""]","R-EXEC; companion before: the enabling cluster (#9, #3, #2, #1, #10, #4, #8 or #5); notation: <enabler> → #7; The payload's remote-access capability is a feature of the executed foreign code; #7 is recorded once, at execution (R-EXEC).",TLCTC Project,2026-09-18,2026-09-18
79,veris,1.4.1,action.malware,action.malware.variety.Backdoor or C2,"Malware creates a remote control capability, but it's unclear if it's a backdoor for hacking or C2 for malware. Parent of 'C2' and 'Backdoor'.",chain,#7,Malware,2.5,all,,,,"[""https://www.tlctc.net"",""https://github.com/Barnes70/TLCTC/tree/main/mappings/veris"",""https://doi.org/10.5281/zenodo.20633176""]","R-EXEC; companion before: the enabling cluster (#9, #3, #2, #1, #10, #4, #8 or #5); notation: <enabler> → #7; Remote-control capability of the executed foreign code; #7 at execution (R-EXEC), whether the channel is later used by hand or by the malware.",TLCTC Project,2026-09-18,2026-09-18
80,veris,1.4.1,action.malware,action.malware.variety.Brute force,Brute force attack,chain,#4,Identity Theft,2.5,all,,,,"[""https://www.tlctc.net"",""https://github.com/Barnes70/TLCTC/tree/main/mappings/veris"",""https://doi.org/10.5281/zenodo.20633176""]",R-CRED; companion before: #7 (the malware that performs the guessing); notation: #7 → #4; Malware guessing credentials against further systems: the guessing itself is credential application (#4) by the running payload; the payload's execution is the #7 step before it.,TLCTC Project,2026-09-18,2026-09-18
81,veris,1.4.1,action.malware,action.malware.variety.C2,Malware creates Command and Control capability for malware. Child of 'Backdoor or C2'.,chain,#7,Malware,2.5,all,,,,"[""https://www.tlctc.net"",""https://github.com/Barnes70/TLCTC/tree/main/mappings/veris"",""https://doi.org/10.5281/zenodo.20633176""]","R-EXEC; companion before: the enabling cluster (#9, #3, #2, #1, #10, #4, #8 or #5); notation: <enabler> → #7; Command-and-control is a capability of the executed foreign code; #7 at execution (R-EXEC). Later operator actions through the channel classify by their own generic vulnerability.",TLCTC Project,2026-09-18,2026-09-18
82,veris,1.4.1,action.malware,action.malware.variety.Capture app data,Capture data from application or system process,chain,#7,Malware,2.5,all,,,,"[""https://www.tlctc.net"",""https://github.com/Barnes70/TLCTC/tree/main/mappings/veris"",""https://doi.org/10.5281/zenodo.20633176""]","R-EXEC; companion before: the enabling cluster (#9, #3, #2, #1, #10, #4, #8 or #5); notation: <enabler> → #7; Foreign executable content ran on the victim's system: a #7 step is recorded at the execution moment (R-EXEC). The capability VERIS names is a feature of the payload, not a separate step; the step that delivered the payload is a separate earlier step whose cluster VERIS does not record.",TLCTC Project,2026-09-18,2026-09-18
83,veris,1.4.1,action.malware,action.malware.variety.Capture stored data,Capture data stored on system disk,chain,#7,Malware,2.5,all,,,,"[""https://www.tlctc.net"",""https://github.com/Barnes70/TLCTC/tree/main/mappings/veris"",""https://doi.org/10.5281/zenodo.20633176""]","R-EXEC; companion before: the enabling cluster (#9, #3, #2, #1, #10, #4, #8 or #5); notation: <enabler> → #7; Foreign executable content ran on the victim's system: a #7 step is recorded at the execution moment (R-EXEC). The capability VERIS names is a feature of the payload, not a separate step; the step that delivered the payload is a separate earlier step whose cluster VERIS does not record.",TLCTC Project,2026-09-18,2026-09-18
84,veris,1.4.1,action.malware,action.malware.variety.Click fraud,"Click fraud, whether or not cryptocurrency mining.  Also mark 'Click fraud or cryptocurrency mining'. Child of 'Click fraud and cryptocurrency mining'.",chain,#7,Malware,2.5,all,,,,"[""https://www.tlctc.net"",""https://github.com/Barnes70/TLCTC/tree/main/mappings/veris"",""https://doi.org/10.5281/zenodo.20633176""]","R-EXEC; companion before: the enabling cluster (#9, #3, #2, #1, #10, #4, #8 or #5); notation: <enabler> → #7; Foreign executable content ran on the victim's system: a #7 step is recorded at the execution moment (R-EXEC). The capability VERIS names is a feature of the payload, not a separate step; the step that delivered the payload is a separate earlier step whose cluster VERIS does not record.",TLCTC Project,2026-09-18,2026-09-18
85,veris,1.4.1,action.malware,action.malware.variety.Click fraud and cryptocurrency mining,Click fraud or cryptocurrency mining. Parent of 'Click fraud' and 'Cryptocurrency mining'.,chain,#7,Malware,2.5,all,,,,"[""https://www.tlctc.net"",""https://github.com/Barnes70/TLCTC/tree/main/mappings/veris"",""https://doi.org/10.5281/zenodo.20633176""]","R-EXEC; companion before: the enabling cluster (#9, #3, #2, #1, #10, #4, #8 or #5); notation: <enabler> → #7; Foreign executable content ran on the victim's system: a #7 step is recorded at the execution moment (R-EXEC). The capability VERIS names is a feature of the payload, not a separate step; the step that delivered the payload is a separate earlier step whose cluster VERIS does not record.",TLCTC Project,2026-09-18,2026-09-18
86,veris,1.4.1,action.malware,action.malware.variety.Client-side attack,"Client-side or browser attack (e.g., redirection, XSS, AitB)",conditional,#3,Exploiting Client,2.5,all,,,,"[""https://www.tlctc.net"",""https://github.com/Barnes70/TLCTC/tree/main/mappings/veris"",""https://doi.org/10.5281/zenodo.20633176""]","R-ROLE; condition: a client-role component is exploited through crafted content (redirection, cross-site scripting); role: client; VERIS groups browser redirection and cross-site scripting (a client-role flaw exploited by content, #3 per R-ROLE) with adversary-in-the-browser malware (foreign code executing, #7 per R-EXEC); the record does not say which.",TLCTC Project,2026-09-18,2026-09-18
87,veris,1.4.1,action.malware,action.malware.variety.Client-side attack,"Client-side or browser attack (e.g., redirection, XSS, AitB)",conditional,#7,Malware,2.5,all,,,,"[""https://www.tlctc.net"",""https://github.com/Barnes70/TLCTC/tree/main/mappings/veris"",""https://doi.org/10.5281/zenodo.20633176""]","R-EXEC; condition: foreign code runs inside the browser or client (adversary-in-the-browser); VERIS groups browser redirection and cross-site scripting (a client-role flaw exploited by content, #3 per R-ROLE) with adversary-in-the-browser malware (foreign code executing, #7 per R-EXEC); the record does not say which.",TLCTC Project,2026-09-18,2026-09-18
88,veris,1.4.1,action.malware,action.malware.variety.Cryptocurrency mining,"Cryptocurrency mining, whether or not click fraud. Child of 'Click fraud and cryptocurrency mining'.",chain,#7,Malware,2.5,all,,,,"[""https://www.tlctc.net"",""https://github.com/Barnes70/TLCTC/tree/main/mappings/veris"",""https://doi.org/10.5281/zenodo.20633176""]","R-EXEC; companion before: the enabling cluster (#9, #3, #2, #1, #10, #4, #8 or #5); notation: <enabler> → #7; Foreign executable content ran on the victim's system: a #7 step is recorded at the execution moment (R-EXEC). The capability VERIS names is a feature of the payload, not a separate step; the step that delivered the payload is a separate earlier step whose cluster VERIS does not record.",TLCTC Project,2026-09-18,2026-09-18
89,veris,1.4.1,action.malware,action.malware.variety.Destroy data,Destroy or corrupt stored data,chain,#7,Malware,2.5,all,,,,"[""https://www.tlctc.net"",""https://github.com/Barnes70/TLCTC/tree/main/mappings/veris"",""https://doi.org/10.5281/zenodo.20633176""]","R-EXEC; companion before: the enabling cluster (#9, #3, #2, #1, #10, #4, #8 or #5); notation: <enabler> → #7; Data-destroying payloads are #7 at execution (R-EXEC); the destruction is the Data Risk Event Av (data absent) on the affected records, never a cluster (Axiom III).",TLCTC Project,2026-09-18,2026-09-18
90,veris,1.4.1,action.malware,action.malware.variety.In-memory,(malware never stored to persistent storage),chain,#7,Malware,2.5,all,,,,"[""https://www.tlctc.net"",""https://github.com/Barnes70/TLCTC/tree/main/mappings/veris"",""https://doi.org/10.5281/zenodo.20633176""]","R-EXEC; companion before: the enabling cluster (#9, #3, #2, #1, #10, #4, #8 or #5); notation: <enabler> → #7; Code that never touches persistent storage is still foreign executable content; #7 is recorded at execution (R-EXEC). Storage location is not a classification input.",TLCTC Project,2026-09-18,2026-09-18
91,veris,1.4.1,action.malware,action.malware.variety.AitM,Adversary-in-the-middle attack. Child of 'Exploit vuln'.,chain,#7,Malware,2.5,all,,,,"[""https://www.tlctc.net"",""https://github.com/Barnes70/TLCTC/tree/main/mappings/veris"",""https://doi.org/10.5281/zenodo.20633176""]","R-EXEC; companion before: the enabling cluster (#9, #3, #2, #1, #10, #4, #8 or #5); companion after: #5 (interception from the position the payload holds); notation: <enabler> → #7 → #5; The payload intercepts or relays traffic from the position its execution gave it: #7 at execution (R-EXEC), then #5 for the interception (R-MITM).",TLCTC Project,2026-09-18,2026-09-18
92,veris,1.4.1,action.malware,action.malware.variety.Modify data,Malware which compromises a legitimate file rather than creating new filess,chain,#7,Malware,2.5,all,,,,"[""https://www.tlctc.net"",""https://github.com/Barnes70/TLCTC/tree/main/mappings/veris"",""https://doi.org/10.5281/zenodo.20633176""]","R-EXEC; companion before: the enabling cluster (#9, #3, #2, #1, #10, #4, #8 or #5); notation: <enabler> → #7; A payload that alters legitimate files is #7 at execution (R-EXEC); the alteration is the Data Risk Event Ii on the affected records (Axiom III).",TLCTC Project,2026-09-18,2026-09-18
93,veris,1.4.1,action.malware,action.malware.variety.Disable controls,Disable or interfere with security controls,chain,#7,Malware,2.5,all,,,,"[""https://www.tlctc.net"",""https://github.com/Barnes70/TLCTC/tree/main/mappings/veris"",""https://doi.org/10.5281/zenodo.20633176""]","R-EXEC; companion before: the enabling cluster (#9, #3, #2, #1, #10, #4, #8 or #5); notation: <enabler> → #7; A payload that disables security controls is #7 at execution (R-EXEC); the disabled control is a control failure, not a threat (Axiom V).",TLCTC Project,2026-09-18,2026-09-18
94,veris,1.4.1,action.malware,action.malware.variety.DoS,DoS attack,chain,#7,Malware,2.5,all,,,,"[""https://www.tlctc.net"",""https://github.com/Barnes70/TLCTC/tree/main/mappings/veris"",""https://doi.org/10.5281/zenodo.20633176""]","R-EXEC; companion before: the enabling cluster (#9, #3, #2, #1, #10, #4, #8 or #5); notation: <enabler> → #7; A payload that produces denial of service is #7 at execution on the infected system (R-EXEC); the availability effect is a Data Risk Event (A/Av). Traffic it sends against a third party is #6 in that party's record (R-FLOOD).",TLCTC Project,2026-09-18,2026-09-18
95,veris,1.4.1,action.malware,action.malware.variety.Downloader,Downloader (pull updates or other malware) ,chain,#7,Malware,2.5,all,,,,"[""https://www.tlctc.net"",""https://github.com/Barnes70/TLCTC/tree/main/mappings/veris"",""https://doi.org/10.5281/zenodo.20633176""]","R-EXEC; companion before: the enabling cluster (#9, #3, #2, #1, #10, #4, #8 or #5); companion after: #7 (the fetched second stage); notation: <enabler> → #7 → #7; A downloader is #7 at its own execution (R-EXEC); the second stage it fetches is a further #7 step when it executes.",TLCTC Project,2026-09-18,2026-09-18
96,veris,1.4.1,action.malware,action.malware.variety.Exploit misconfig,Exploit a misconfiguration (vs vuln or weakness),chain,#1,Abuse of Functions,2.5,all,,,,"[""https://www.tlctc.net"",""https://github.com/Barnes70/TLCTC/tree/main/mappings/veris"",""https://doi.org/10.5281/zenodo.20633176""]","companion after: #7 (the payload that executes once the misconfiguration is used, R-EXEC); notation: #1 → #7; Malware that uses a permissive configuration exercises a designed function in a permissive state: #1, no code flaw. The payload's own execution is the #7 step that follows (R-EXEC).",TLCTC Project,2026-09-18,2026-09-18
97,veris,1.4.1,action.malware,action.malware.variety.Evade Defenses,"Modification of the action (rather than the system, as in 'Disable controls') to avoid detection.",outcome,none,outcome (Axiom III),2.5,all,,,,"[""https://www.tlctc.net"",""https://github.com/Barnes70/TLCTC/tree/main/mappings/veris"",""https://doi.org/10.5281/zenodo.20633176""]","A property of how the payload behaves, not a step: evasion is a capability of the #7 step already recorded.",TLCTC Project,2026-09-18,2026-09-18
98,veris,1.4.1,action.malware,action.malware.variety.Exploit vuln,"Exploit vulnerability in code (vs misconfig or weakness). This can be used with other malware enumerations, (such as Remote injection when a Remote injection vuln exists.)",conditional,#2,Exploiting Server,2.5,all,,,,"[""https://www.tlctc.net"",""https://github.com/Barnes70/TLCTC/tree/main/mappings/veris"",""https://doi.org/10.5281/zenodo.20633176""]",R-ROLE; condition: the payload exploits a flaw in a server-role component; Malware exploiting a code flaw: the exploitation is #2 or #3 per R-ROLE and enables the #7 execution that follows (R-EXEC); VERIS does not record the role.,TLCTC Project,2026-09-18,2026-09-18
99,veris,1.4.1,action.malware,action.malware.variety.Exploit vuln,"Exploit vulnerability in code (vs misconfig or weakness). This can be used with other malware enumerations, (such as Remote injection when a Remote injection vuln exists.)",conditional,#3,Exploiting Client,2.5,all,,,,"[""https://www.tlctc.net"",""https://github.com/Barnes70/TLCTC/tree/main/mappings/veris"",""https://doi.org/10.5281/zenodo.20633176""]",R-ROLE; condition: the payload exploits a flaw in a client-role component; Malware exploiting a code flaw: the exploitation is #2 or #3 per R-ROLE and enables the #7 execution that follows (R-EXEC); VERIS does not record the role.,TLCTC Project,2026-09-18,2026-09-18
100,veris,1.4.1,action.malware,action.malware.variety.Export data,Export data to another site or system,chain,#7,Malware,2.5,all,,,,"[""https://www.tlctc.net"",""https://github.com/Barnes70/TLCTC/tree/main/mappings/veris"",""https://doi.org/10.5281/zenodo.20633176""]","R-EXEC; companion before: the enabling cluster (#9, #3, #2, #1, #10, #4, #8 or #5); notation: <enabler> → #7; Exfiltration capability of the executed foreign code; #7 at execution (R-EXEC), with the Data Risk Event C on the exported records (Axiom III).",TLCTC Project,2026-09-18,2026-09-18
101,veris,1.4.1,action.malware,action.malware.variety.Packet sniffer,Packet sniffer (capture data from network),chain,#7,Malware,2.5,all,,,,"[""https://www.tlctc.net"",""https://github.com/Barnes70/TLCTC/tree/main/mappings/veris"",""https://doi.org/10.5281/zenodo.20633176""]","R-EXEC; companion before: the enabling cluster (#9, #3, #2, #1, #10, #4, #8 or #5); companion after: #5 (interception from the position the payload holds); notation: <enabler> → #7 → #5; A sniffer captures traffic from the position its execution gave it: #7 at execution (R-EXEC), then #5 for the interception (R-MITM).",TLCTC Project,2026-09-18,2026-09-18
102,veris,1.4.1,action.malware,action.malware.variety.Pass-the-hash,Pass-the-hash,chain,#4,Identity Theft,2.5,all,,,,"[""https://www.tlctc.net"",""https://github.com/Barnes70/TLCTC/tree/main/mappings/veris"",""https://doi.org/10.5281/zenodo.20633176""]","R-CRED; companion before: #7 (the payload that presents the hash); notation: #7 → #4; Malware presenting captured hashes authenticates as another identity: #4 (R-CRED) performed by the running payload, whose execution is the #7 step before it.",TLCTC Project,2026-09-18,2026-09-18
103,veris,1.4.1,action.malware,action.malware.variety.Password dumper,Password dumper (extract credential hashes),chain,#7,Malware,2.5,all,,,,"[""https://www.tlctc.net"",""https://github.com/Barnes70/TLCTC/tree/main/mappings/veris"",""https://doi.org/10.5281/zenodo.20633176""]","R-EXEC; companion before: the enabling cluster (#9, #3, #2, #1, #10, #4, #8 or #5); companion after: #4 (use of the dumped credentials, R-CRED); notation: <enabler> → #7 → #4; Credential-dumping capability of the executed foreign code; #7 at execution (R-EXEC). Using the dumped credentials is a separate later #4 step (R-CRED).",TLCTC Project,2026-09-18,2026-09-18
104,veris,1.4.1,action.malware,action.malware.variety.Profile host,Enumerating the state of the current host,chain,#7,Malware,2.5,all,,,,"[""https://www.tlctc.net"",""https://github.com/Barnes70/TLCTC/tree/main/mappings/veris"",""https://doi.org/10.5281/zenodo.20633176""]","R-EXEC; companion before: the enabling cluster (#9, #3, #2, #1, #10, #4, #8 or #5); notation: <enabler> → #7; Foreign executable content ran on the victim's system: a #7 step is recorded at the execution moment (R-EXEC). The capability VERIS names is a feature of the payload, not a separate step; the step that delivered the payload is a separate earlier step whose cluster VERIS does not record.",TLCTC Project,2026-09-18,2026-09-18
105,veris,1.4.1,action.malware,action.malware.variety.RAM scraper,RAM scraper or memory parser (capture data from volatile memory),chain,#7,Malware,2.5,all,,,,"[""https://www.tlctc.net"",""https://github.com/Barnes70/TLCTC/tree/main/mappings/veris"",""https://doi.org/10.5281/zenodo.20633176""]","R-EXEC; companion before: the enabling cluster (#9, #3, #2, #1, #10, #4, #8 or #5); notation: <enabler> → #7; Foreign executable content ran on the victim's system: a #7 step is recorded at the execution moment (R-EXEC). The capability VERIS names is a feature of the payload, not a separate step; the step that delivered the payload is a separate earlier step whose cluster VERIS does not record.",TLCTC Project,2026-09-18,2026-09-18
106,veris,1.4.1,action.malware,action.malware.variety.Ransomware,Ransomware (encrypt or seize stored data),chain,#7,Malware,2.5,all,,,,"[""https://www.tlctc.net"",""https://github.com/Barnes70/TLCTC/tree/main/mappings/veris"",""https://doi.org/10.5281/zenodo.20633176""]","R-EXEC; companion before: the enabling cluster (#9, #3, #2, #1, #10, #4, #8 or #5); notation: <enabler> → #7; Ransomware is #7 at execution (R-EXEC); the encryption is the Data Risk Event Ac (data present but unusable), never a cluster (Axiom III). VERIS records the outcome under attribute.availability.variety.Obscuration.",TLCTC Project,2026-09-18,2026-09-18
107,veris,1.4.1,action.malware,action.malware.variety.RAT,Remote Access Trojan.  Parent of 'Backdoor' and 'Trojan',chain,#7,Malware,2.5,all,,,,"[""https://www.tlctc.net"",""https://github.com/Barnes70/TLCTC/tree/main/mappings/veris"",""https://doi.org/10.5281/zenodo.20633176""]","R-EXEC; companion before: the enabling cluster (#9, #3, #2, #1, #10, #4, #8 or #5); notation: <enabler> → #7; Foreign executable content ran on the victim's system: a #7 step is recorded at the execution moment (R-EXEC). The capability VERIS names is a feature of the payload, not a separate step; the step that delivered the payload is a separate earlier step whose cluster VERIS does not record.",TLCTC Project,2026-09-18,2026-09-18
108,veris,1.4.1,action.malware,action.malware.variety.Rootkit,Rootkit (maintain local privileges and stealth),chain,#7,Malware,2.5,all,,,,"[""https://www.tlctc.net"",""https://github.com/Barnes70/TLCTC/tree/main/mappings/veris"",""https://doi.org/10.5281/zenodo.20633176""]","R-EXEC; companion before: the enabling cluster (#9, #3, #2, #1, #10, #4, #8 or #5); notation: <enabler> → #7; Foreign executable content ran on the victim's system: a #7 step is recorded at the execution moment (R-EXEC). The capability VERIS names is a feature of the payload, not a separate step; the step that delivered the payload is a separate earlier step whose cluster VERIS does not record.",TLCTC Project,2026-09-18,2026-09-18
109,veris,1.4.1,action.malware,action.malware.variety.Scan network,Enumerating the state of the network,chain,#7,Malware,2.5,all,,,,"[""https://www.tlctc.net"",""https://github.com/Barnes70/TLCTC/tree/main/mappings/veris"",""https://doi.org/10.5281/zenodo.20633176""]","R-EXEC; companion before: the enabling cluster (#9, #3, #2, #1, #10, #4, #8 or #5); notation: <enabler> → #7; Foreign executable content ran on the victim's system: a #7 step is recorded at the execution moment (R-EXEC). The capability VERIS names is a feature of the payload, not a separate step; the step that delivered the payload is a separate earlier step whose cluster VERIS does not record.",TLCTC Project,2026-09-18,2026-09-18
110,veris,1.4.1,action.malware,action.malware.variety.Spam,Send spam,chain,#7,Malware,2.5,all,,,,"[""https://www.tlctc.net"",""https://github.com/Barnes70/TLCTC/tree/main/mappings/veris"",""https://doi.org/10.5281/zenodo.20633176""]","R-EXEC; companion before: the enabling cluster (#9, #3, #2, #1, #10, #4, #8 or #5); notation: <enabler> → #7; Foreign executable content ran on the victim's system: a #7 step is recorded at the execution moment (R-EXEC). The capability VERIS names is a feature of the payload, not a separate step; the step that delivered the payload is a separate earlier step whose cluster VERIS does not record.",TLCTC Project,2026-09-18,2026-09-18
111,veris,1.4.1,action.malware,action.malware.variety.Spyware/Keylogger,"Spyware, keylogger or form-grabber (capture user input or activity)",chain,#7,Malware,2.5,all,,,,"[""https://www.tlctc.net"",""https://github.com/Barnes70/TLCTC/tree/main/mappings/veris"",""https://doi.org/10.5281/zenodo.20633176""]","R-EXEC; companion before: the enabling cluster (#9, #3, #2, #1, #10, #4, #8 or #5); notation: <enabler> → #7; Foreign executable content ran on the victim's system: a #7 step is recorded at the execution moment (R-EXEC). The capability VERIS names is a feature of the payload, not a separate step; the step that delivered the payload is a separate earlier step whose cluster VERIS does not record.",TLCTC Project,2026-09-18,2026-09-18
112,veris,1.4.1,action.malware,action.malware.variety.Trojan,An application which appears legitimate but hides malicious functionality. Child of 'RAT' when combined with 'Backdoor',chain,#7,Malware,2.5,all,,,,"[""https://www.tlctc.net"",""https://github.com/Barnes70/TLCTC/tree/main/mappings/veris"",""https://doi.org/10.5281/zenodo.20633176""]","R-EXEC; companion before: the enabling cluster (#9, #3, #2, #1, #10, #4, #8 or #5); notation: <enabler> → #7; A trojan is foreign executable content that the victim was induced to run: #7 at execution (R-EXEC), typically with #9 as the enabling step.",TLCTC Project,2026-09-18,2026-09-18
113,veris,1.4.1,action.malware,action.malware.variety.Worm,Worm (propagate to other systems or devices),chain,#7,Malware,2.5,all,,,,"[""https://www.tlctc.net"",""https://github.com/Barnes70/TLCTC/tree/main/mappings/veris"",""https://doi.org/10.5281/zenodo.20633176""]","R-EXEC; companion before: the enabling cluster (#9, #3, #2, #1, #10, #4, #8 or #5); companion after: #2 | #3 | #4 (propagation) → #7 on the next host; notation: <enabler> → #7 → #2; A worm is #7 at execution on each host (R-EXEC); its propagation to the next host is a separate step (#2, #3 or #4) followed by a further #7 there.",TLCTC Project,2026-09-18,2026-09-18
114,veris,1.4.1,action.malware,action.malware.variety.Other,Other,unresolved,none,unresolved (R-UNRES-2),2.5,all,,,,"[""https://www.tlctc.net"",""https://github.com/Barnes70/TLCTC/tree/main/mappings/veris"",""https://doi.org/10.5281/zenodo.20633176""]",The record says malware was involved without naming its capability; #7 is likely under R-EXEC but the record does not establish that foreign code executed.,TLCTC Project,2026-09-18,2026-09-18
115,veris,1.4.1,action.malware,action.malware.variety.Unknown,Unknown,unresolved,none,unresolved (R-UNRES-2),2.5,all,,,,"[""https://www.tlctc.net"",""https://github.com/Barnes70/TLCTC/tree/main/mappings/veris"",""https://doi.org/10.5281/zenodo.20633176""]",The record says malware was involved without naming its capability; #7 is likely under R-EXEC but the record does not establish that foreign code executed.,TLCTC Project,2026-09-18,2026-09-18
116,veris,1.4.1,action.malware,action.malware.vector.C2,Malware actions taken through a Command and Control (C2) channel.  Backdoor is only used by hacking.,context,none,context: channel established by an earlier step,2.5,all,,,,"[""https://www.tlctc.net"",""https://github.com/Barnes70/TLCTC/tree/main/mappings/veris"",""https://doi.org/10.5281/zenodo.20633176""]",note: channel established by an earlier step; Actions through an existing command-and-control channel; classify the step that established the channel and each later action by its own generic vulnerability.,TLCTC Project,2026-09-18,2026-09-18
117,veris,1.4.1,action.malware,action.malware.vector.Direct install,Directly installed or inserted by threat agent (after system access),context,none,context: #1 → #7 sequence,2.5,all,,,,"[""https://www.tlctc.net"",""https://github.com/Barnes70/TLCTC/tree/main/mappings/veris"",""https://doi.org/10.5281/zenodo.20633176""]","note: #1 → #7 sequence; Installed by the attacker after access was gained: the installation uses designed functions (#1) and the payload's execution is #7, so the sequence is #1 → #7.",TLCTC Project,2026-09-18,2026-09-18
118,veris,1.4.1,action.malware,action.malware.vector.Download by malware,Downloaded and installed by local malware,context,none,context: #7 → #7 sequence,2.5,all,,,,"[""https://www.tlctc.net"",""https://github.com/Barnes70/TLCTC/tree/main/mappings/veris"",""https://doi.org/10.5281/zenodo.20633176""]",note: #7 → #7 sequence; Fetched by malware already running: a #7 → #7 sequence (R-EXEC records each execution).,TLCTC Project,2026-09-18,2026-09-18
119,veris,1.4.1,action.malware,action.malware.vector.Email,"Email. Parent to 'Email attachment', 'Email autoexecute', 'Email link', 'Email unknown'",context,none,context: human,2.5,all,,,,"[""https://www.tlctc.net"",""https://github.com/Barnes70/TLCTC/tree/main/mappings/veris"",""https://doi.org/10.5281/zenodo.20633176""]","boundary_context: human; Delivered by email: the enabling step is #9 where a person had to act (attachment, link) or #3 where the client executed it unaided (R-ROLE).",TLCTC Project,2026-09-18,2026-09-18
120,veris,1.4.1,action.malware,action.malware.vector.Email attachment,Email via user-executed attachment. Child of 'Email',context,none,context: human,2.5,all,,,,"[""https://www.tlctc.net"",""https://github.com/Barnes70/TLCTC/tree/main/mappings/veris"",""https://doi.org/10.5281/zenodo.20633176""]",boundary_context: human; A user-executed attachment: #9 enables #7 (R-EXEC).,TLCTC Project,2026-09-18,2026-09-18
121,veris,1.4.1,action.malware,action.malware.vector.Email autoexecute,Email via automatic execution. Child of 'Email',context,none,context: role client,2.5,all,,,,"[""https://www.tlctc.net"",""https://github.com/Barnes70/TLCTC/tree/main/mappings/veris"",""https://doi.org/10.5281/zenodo.20633176""]","role_hint: client; Executed by the mail client without user action: a client-role flaw (#3, R-ROLE) enables #7.",TLCTC Project,2026-09-18,2026-09-18
122,veris,1.4.1,action.malware,action.malware.vector.Email link,Email via embedded link. Child of 'Email',context,none,context: human,2.5,all,,,,"[""https://www.tlctc.net"",""https://github.com/Barnes70/TLCTC/tree/main/mappings/veris"",""https://doi.org/10.5281/zenodo.20633176""]",boundary_context: human; A user-followed link: #9 enables the download and #7 at execution (R-EXEC).,TLCTC Project,2026-09-18,2026-09-18
123,veris,1.4.1,action.malware,action.malware.vector.Email unknown,"Email but sub-variety (attachment, autoexecute, link, etc) not known. Child of 'Email'",context,none,context: human,2.5,all,,,,"[""https://www.tlctc.net"",""https://github.com/Barnes70/TLCTC/tree/main/mappings/veris"",""https://doi.org/10.5281/zenodo.20633176""]","boundary_context: human; Delivered by email, mechanism unknown: the enabler is #9 or #3.",TLCTC Project,2026-09-18,2026-09-18
124,veris,1.4.1,action.malware,action.malware.vector.Email other,"Email sub-variety known, but not one of those listed (attachment, link, autoexecute, etc). Child of 'Email'",context,none,context: human,2.5,all,,,,"[""https://www.tlctc.net"",""https://github.com/Barnes70/TLCTC/tree/main/mappings/veris"",""https://doi.org/10.5281/zenodo.20633176""]",boundary_context: human; Delivered by email through another mechanism: the enabler is #9 or #3.,TLCTC Project,2026-09-18,2026-09-18
125,veris,1.4.1,action.malware,action.malware.vector.Instant messaging,Instant Messaging,context,none,context: human,2.5,all,,,,"[""https://www.tlctc.net"",""https://github.com/Barnes70/TLCTC/tree/main/mappings/veris"",""https://doi.org/10.5281/zenodo.20633176""]",boundary_context: human; Delivered over instant messaging: #9 enables #7 where a person had to act.,TLCTC Project,2026-09-18,2026-09-18
126,veris,1.4.1,action.malware,action.malware.vector.Network propagation,Network propagation,context,none,context: propagation step precedes #7,2.5,all,,,,"[""https://www.tlctc.net"",""https://github.com/Barnes70/TLCTC/tree/main/mappings/veris"",""https://doi.org/10.5281/zenodo.20633176""]","note: propagation step precedes #7; Reached the host from another infected host: the propagation step is #2, #3 or #4, followed by #7 (R-EXEC).",TLCTC Project,2026-09-18,2026-09-18
127,veris,1.4.1,action.malware,action.malware.vector.Partner,Partner connection or credential. (Indicates supply chain breach.),context,none,context: @Vendor→@Org,2.5,all,,,,"[""https://www.tlctc.net"",""https://github.com/Barnes70/TLCTC/tree/main/mappings/veris"",""https://doi.org/10.5281/zenodo.20633176""]",boundary: @Vendor→@Org; note: R-SUPPLY decides #10 versus transit; A partner connection or credential marks a responsibility-sphere crossing ||[…][@Vendor→@Org]||. It is #10 only where a trust artefact from the partner was honoured (R-SUPPLY); otherwise the partner is a transit carrier (⇒).,TLCTC Project,2026-09-18,2026-09-18
128,veris,1.4.1,action.malware,action.malware.vector.Remote injection,Remotely injected by agent (i.e. via SQLi),context,none,context: role server,2.5,all,,,,"[""https://www.tlctc.net"",""https://github.com/Barnes70/TLCTC/tree/main/mappings/veris"",""https://doi.org/10.5281/zenodo.20633176""]","role_hint: server; Injected through a server-side flaw (for example SQL injection): #2 enables #7 (R-ROLE, R-EXEC).",TLCTC Project,2026-09-18,2026-09-18
129,veris,1.4.1,action.malware,action.malware.vector.Removable media,Removable storage media or devices,context,none,context: physical,2.5,all,,,,"[""https://www.tlctc.net"",""https://github.com/Barnes70/TLCTC/tree/main/mappings/veris"",""https://doi.org/10.5281/zenodo.20633176""]",boundary_context: physical; Delivered on removable media: [physical] or [human] boundary context; the enabler is #8 (hardware connection) or #9 (a person runs it).,TLCTC Project,2026-09-18,2026-09-18
130,veris,1.4.1,action.malware,action.malware.vector.Software update,Included in automated software update,context,none,context: update,2.5,all,,,,"[""https://www.tlctc.net"",""https://github.com/Barnes70/TLCTC/tree/main/mappings/veris"",""https://doi.org/10.5281/zenodo.20633176""]","boundary_context: update; note: R-SUPPLY: #10 at the Trust Acceptance Event; Delivered inside a legitimate update: the Trust Acceptance Event makes this #10 (R-SUPPLY) with the [update] boundary context, followed by #7 at execution.",TLCTC Project,2026-09-18,2026-09-18
131,veris,1.4.1,action.malware,action.malware.vector.Web application,Web application. Parent of 'Web application - download' and 'Web application - drive-by.,context,none,context: role server,2.5,all,,,,"[""https://www.tlctc.net"",""https://github.com/Barnes70/TLCTC/tree/main/mappings/veris"",""https://doi.org/10.5281/zenodo.20633176""]",role_hint: server; Delivered through a web application: #2 (a flaw in the service) or #9 (a person downloads it) enables #7.,TLCTC Project,2026-09-18,2026-09-18
132,veris,1.4.1,action.malware,action.malware.vector.Web application - download,Web via user-executed or downloaded content. Child of 'Web application'.,context,none,context: human,2.5,all,,,,"[""https://www.tlctc.net"",""https://github.com/Barnes70/TLCTC/tree/main/mappings/veris"",""https://doi.org/10.5281/zenodo.20633176""]",boundary_context: human; A user-downloaded file: #9 enables #7 (R-EXEC).,TLCTC Project,2026-09-18,2026-09-18
133,veris,1.4.1,action.malware,action.malware.vector.Web application - drive-by,"Web via auto-executed or ""drive-by"" infection. Child of 'Web application'.",context,none,context: role client,2.5,all,,,,"[""https://www.tlctc.net"",""https://github.com/Barnes70/TLCTC/tree/main/mappings/veris"",""https://doi.org/10.5281/zenodo.20633176""]","role_hint: client; Executed by the browser without user action: a client-role flaw (#3, R-ROLE) enables #7.",TLCTC Project,2026-09-18,2026-09-18
134,veris,1.4.1,action.malware,action.malware.vector.Other,Other,unresolved,none,unresolved (R-UNRES-2),2.5,all,,,,"[""https://www.tlctc.net"",""https://github.com/Barnes70/TLCTC/tree/main/mappings/veris"",""https://doi.org/10.5281/zenodo.20633176""]",The vector is recorded as unspecified; no context annotation can be derived.,TLCTC Project,2026-09-18,2026-09-18
135,veris,1.4.1,action.malware,action.malware.vector.Unknown,Unknown,unresolved,none,unresolved (R-UNRES-2),2.5,all,,,,"[""https://www.tlctc.net"",""https://github.com/Barnes70/TLCTC/tree/main/mappings/veris"",""https://doi.org/10.5281/zenodo.20633176""]",The vector is not recorded; no context annotation can be derived.,TLCTC Project,2026-09-18,2026-09-18
136,veris,1.4.1,action.social,action.social.variety.Baiting,"Prepare malicious content in a location where a victim is likely to interact with it. (e.g. SEO - vect: websites, left usbs- vect: removable media, etc)",chain,#9,Social Engineering,2.5,all,,,,"[""https://www.tlctc.net"",""https://github.com/Barnes70/TLCTC/tree/main/mappings/veris"",""https://doi.org/10.5281/zenodo.20633176""]",companion after: #7 (the payload the person runs); notation: #9 → #7; A person is induced to interact with prepared content (#9); the payload that then runs is a separate #7 step (R-EXEC).,TLCTC Project,2026-09-18,2026-09-18
137,veris,1.4.1,action.social,action.social.variety.Bribery,Bribery or solicitation,chain,#9,Social Engineering,2.5,all,,,,"[""https://www.tlctc.net"",""https://github.com/Barnes70/TLCTC/tree/main/mappings/veris"",""https://doi.org/10.5281/zenodo.20633176""]","companion after: the technical follow-on (#4, #7 or #1); notation: #9 → <follow-on>; Recruiting an insider is manipulation of a person (#9); what the insider then does on the system is a separate step (#1, or #4 if they present another identity).",TLCTC Project,2026-09-18,2026-09-18
138,veris,1.4.1,action.social,action.social.variety.Elicitation,Elicitation (subtle extraction of info through conversation),chain,#9,Social Engineering,2.5,all,,,,"[""https://www.tlctc.net"",""https://github.com/Barnes70/TLCTC/tree/main/mappings/veris"",""https://doi.org/10.5281/zenodo.20633176""]","companion after: #4 (use of an elicited credential) or a Data Risk Event C; notation: #9 → #4 | #9 + [DRE: C]; Extracting information through conversation is #9; where the information is a credential its later use is #4 (R-CRED), where it is data the Data Risk Event C is recorded directly.",TLCTC Project,2026-09-18,2026-09-18
139,veris,1.4.1,action.social,action.social.variety.Evade Defenses,"Modification of the action (rather than the system, as in 'Disable controls') to avoid detection.",outcome,none,outcome (Axiom III),2.5,all,,,,"[""https://www.tlctc.net"",""https://github.com/Barnes70/TLCTC/tree/main/mappings/veris"",""https://doi.org/10.5281/zenodo.20633176""]","A property of how the manipulation was carried out, not a step.",TLCTC Project,2026-09-18,2026-09-18
140,veris,1.4.1,action.social,action.social.variety.Extortion,Extortion or blackmail,no-cluster,none,out of scope: no IT-system step (TLCTC+),2.5,all,,,,"[""https://www.tlctc.net"",""https://github.com/Barnes70/TLCTC/tree/main/mappings/veris"",""https://doi.org/10.5281/zenodo.20633176""]","partition row: attack; A demand made to a person is intentional and outside any grant, but it is not a step against an IT system; it belongs to the business-side event chain (BRE), outside the core clusters.",TLCTC Project,2026-09-18,2026-09-18
141,veris,1.4.1,action.social,action.social.variety.Forgery,"Forgery or counterfeiting (fake hardware, software, documents, etc)",conditional,#9,Social Engineering,2.5,all,,,,"[""https://www.tlctc.net"",""https://github.com/Barnes70/TLCTC/tree/main/mappings/veris"",""https://doi.org/10.5281/zenodo.20633176""]","condition: a person is deceived by the counterfeit document, hardware or software; A forgery aimed at a person is #9; a forgery accepted by a system as authoritative is #10 at the Trust Acceptance Event (R-SUPPLY).",TLCTC Project,2026-09-18,2026-09-18
142,veris,1.4.1,action.social,action.social.variety.Forgery,"Forgery or counterfeiting (fake hardware, software, documents, etc)",conditional,#10,Supply Chain Attack,2.5,all,,,,"[""https://www.tlctc.net"",""https://github.com/Barnes70/TLCTC/tree/main/mappings/veris"",""https://doi.org/10.5281/zenodo.20633176""]",R-SUPPLY; condition: a system honours the counterfeit as a trust artefact (Trust Acceptance Event); A forgery aimed at a person is #9; a forgery accepted by a system as authoritative is #10 at the Trust Acceptance Event (R-SUPPLY).,TLCTC Project,2026-09-18,2026-09-18
143,veris,1.4.1,action.social,action.social.variety.Influence,"Influence tactics (Leveraging authority or obligation, framing, etc)",chain,#9,Social Engineering,2.5,all,,,,"[""https://www.tlctc.net"",""https://github.com/Barnes70/TLCTC/tree/main/mappings/veris"",""https://doi.org/10.5281/zenodo.20633176""]","companion after: the technical follow-on (#4, #7 or #1); notation: #9 → <follow-on>; Authority, obligation or framing used to make a person act (#9); the act they perform on a system is the separate follow-on step, typically #1 (fraudulent transfer through a designed function).",TLCTC Project,2026-09-18,2026-09-18
144,veris,1.4.1,action.social,action.social.variety.Phishing,"Any type of *ishing.  Phishing always involves getting data from the victim. Phishing usually has some element of pretexting, but often it doesn’t rise to the level of an invented scenario. E.g. A fake google login page isn’t really pretexting.",chain,#9,Social Engineering,2.5,all,,,,"[""https://www.tlctc.net"",""https://github.com/Barnes70/TLCTC/tree/main/mappings/veris"",""https://doi.org/10.5281/zenodo.20633176""]",companion after: #4 (harvested credential applied) or #7 (payload executed); notation: #9 → #4 | #9 → #7; Phishing obtains data or an action from a person (#9); the credential it harvests is applied in a separate #4 step (R-CRED) and any payload runs as a separate #7 step (R-EXEC).,TLCTC Project,2026-09-18,2026-09-18
145,veris,1.4.1,action.social,action.social.variety.Pretexting,"Pretexting (dialogue leveraging invented scenario).  Unlike 'Phishing', does not transfer data. (A fraudulent transfer or changing a bank account on a business account is not really disclosing data.",chain,#9,Social Engineering,2.5,all,,,,"[""https://www.tlctc.net"",""https://github.com/Barnes70/TLCTC/tree/main/mappings/veris"",""https://doi.org/10.5281/zenodo.20633176""]","companion after: #1 (the action the person performs through a designed function); notation: #9 → #1; An invented scenario moves a person to act (#9); the action taken through a designed function (payment, account change) is a separate #1 step.",TLCTC Project,2026-09-18,2026-09-18
146,veris,1.4.1,action.social,action.social.variety.Prompt bombing,Bombarding the user with MFA prompts to get them to accept the login request,chain,#9,Social Engineering,2.5,all,,,,"[""https://www.tlctc.net"",""https://github.com/Barnes70/TLCTC/tree/main/mappings/veris"",""https://doi.org/10.5281/zenodo.20633176""]","companion after: #4 (the approved authentication); notation: #9 → #4; Repeated MFA prompts wear a person down until they approve (#9); the approved login is the attacker authenticating as that person, a separate #4 step (R-CRED).",TLCTC Project,2026-09-18,2026-09-18
147,veris,1.4.1,action.social,action.social.variety.Propaganda,Propaganda or disinformation,no-cluster,none,out of scope: no IT-system step (TLCTC+),2.5,all,,,,"[""https://www.tlctc.net"",""https://github.com/Barnes70/TLCTC/tree/main/mappings/veris"",""https://doi.org/10.5281/zenodo.20633176""]","partition row: attack; Disinformation aimed at people is intentional and outside any grant, but it involves no step against the victim's IT system; outside the core clusters.",TLCTC Project,2026-09-18,2026-09-18
148,veris,1.4.1,action.social,action.social.variety.Scam,"Online scam or hoax (e.g., scareware, 419 scam, auction fraud)",chain,#9,Social Engineering,2.5,all,,,,"[""https://www.tlctc.net"",""https://github.com/Barnes70/TLCTC/tree/main/mappings/veris"",""https://doi.org/10.5281/zenodo.20633176""]","companion after: the technical follow-on (#4, #7 or #1); notation: #9 → <follow-on>; A hoax moves a person to pay, install or disclose (#9); the follow-on is a separate step (#1 payment through a designed function, #7 installed software, or a Data Risk Event C).",TLCTC Project,2026-09-18,2026-09-18
149,veris,1.4.1,action.social,action.social.variety.Spam,Spam (unsolicited or undesired email and advertisements),chain,#9,Social Engineering,2.5,all,,,,"[""https://www.tlctc.net"",""https://github.com/Barnes70/TLCTC/tree/main/mappings/veris"",""https://doi.org/10.5281/zenodo.20633176""]","companion after: the technical follow-on (#4, #7 or #1); notation: #9 → <follow-on>; Unsolicited messages are the delivery of a lure to people (#9); the follow-on depends on what the message carried.",TLCTC Project,2026-09-18,2026-09-18
150,veris,1.4.1,action.social,action.social.variety.Other,Other,unresolved,none,unresolved (R-UNRES-2),2.5,all,,,,"[""https://www.tlctc.net"",""https://github.com/Barnes70/TLCTC/tree/main/mappings/veris"",""https://doi.org/10.5281/zenodo.20633176""]",The record says a social action occurred without naming it; #9 is likely but the value alone does not establish that a person was manipulated into an IT-system step.,TLCTC Project,2026-09-18,2026-09-18
151,veris,1.4.1,action.social,action.social.variety.Unknown,Unknown,unresolved,none,unresolved (R-UNRES-2),2.5,all,,,,"[""https://www.tlctc.net"",""https://github.com/Barnes70/TLCTC/tree/main/mappings/veris"",""https://doi.org/10.5281/zenodo.20633176""]",The record says a social action occurred without naming it.,TLCTC Project,2026-09-18,2026-09-18
152,veris,1.4.1,action.social,action.social.vector.Documents,Documents,context,none,context: human,2.5,all,,,,"[""https://www.tlctc.net"",""https://github.com/Barnes70/TLCTC/tree/main/mappings/veris"",""https://doi.org/10.5281/zenodo.20633176""]",boundary_context: human; Delivered as a document handed or sent to a person: [human] boundary context of the #9 step.,TLCTC Project,2026-09-18,2026-09-18
153,veris,1.4.1,action.social,action.social.vector.Email,Email,context,none,context: human,2.5,all,,,,"[""https://www.tlctc.net"",""https://github.com/Barnes70/TLCTC/tree/main/mappings/veris"",""https://doi.org/10.5281/zenodo.20633176""]",boundary_context: human; Delivered by email: [human] boundary context of the #9 step.,TLCTC Project,2026-09-18,2026-09-18
154,veris,1.4.1,action.social,action.social.vector.IM,Instant messaging,context,none,context: human,2.5,all,,,,"[""https://www.tlctc.net"",""https://github.com/Barnes70/TLCTC/tree/main/mappings/veris"",""https://doi.org/10.5281/zenodo.20633176""]",boundary_context: human; Delivered over instant messaging: [human] boundary context of the #9 step.,TLCTC Project,2026-09-18,2026-09-18
155,veris,1.4.1,action.social,action.social.vector.In-person,In-person,context,none,context: human,2.5,all,,,,"[""https://www.tlctc.net"",""https://github.com/Barnes70/TLCTC/tree/main/mappings/veris"",""https://doi.org/10.5281/zenodo.20633176""]",boundary_context: human; Face-to-face manipulation: [human] boundary context of the #9 step.,TLCTC Project,2026-09-18,2026-09-18
156,veris,1.4.1,action.social,action.social.vector.Partner,Partner connection or credential. (Indicates supply chain breach.),context,none,context: human,2.5,all,,,,"[""https://www.tlctc.net"",""https://github.com/Barnes70/TLCTC/tree/main/mappings/veris"",""https://doi.org/10.5281/zenodo.20633176""]",boundary_context: human; boundary: @Vendor→@Org; The lure came through a partner relationship or account: [human] context with a responsibility-sphere crossing ||[human][@Vendor→@Org]||; the partner is a transit carrier unless a trust artefact was honoured (R-SUPPLY).,TLCTC Project,2026-09-18,2026-09-18
157,veris,1.4.1,action.social,action.social.vector.Phone,Phone,context,none,context: human,2.5,all,,,,"[""https://www.tlctc.net"",""https://github.com/Barnes70/TLCTC/tree/main/mappings/veris"",""https://doi.org/10.5281/zenodo.20633176""]",boundary_context: human; Voice manipulation: [human] boundary context of the #9 step.,TLCTC Project,2026-09-18,2026-09-18
158,veris,1.4.1,action.social,action.social.vector.Removable media,Removable storage media,context,none,context: human,2.5,all,,,,"[""https://www.tlctc.net"",""https://github.com/Barnes70/TLCTC/tree/main/mappings/veris"",""https://doi.org/10.5281/zenodo.20633176""]",boundary_context: human; Media left for a person to use: [human] boundary context of the #9 step; the payload that runs is #7 (R-EXEC).,TLCTC Project,2026-09-18,2026-09-18
159,veris,1.4.1,action.social,action.social.vector.SMS,SMS or texting,context,none,context: human,2.5,all,,,,"[""https://www.tlctc.net"",""https://github.com/Barnes70/TLCTC/tree/main/mappings/veris"",""https://doi.org/10.5281/zenodo.20633176""]","boundary_context: human; Text-message manipulation: [human] boundary context of the #9 step; the carrier is a transit party (⇒), not a cluster.",TLCTC Project,2026-09-18,2026-09-18
160,veris,1.4.1,action.social,action.social.vector.Social media,Social media or networking,context,none,context: human,2.5,all,,,,"[""https://www.tlctc.net"",""https://github.com/Barnes70/TLCTC/tree/main/mappings/veris"",""https://doi.org/10.5281/zenodo.20633176""]",boundary_context: human; Manipulation over a social platform: [human] boundary context of the #9 step; the platform is a transit party (⇒).,TLCTC Project,2026-09-18,2026-09-18
161,veris,1.4.1,action.social,action.social.vector.Software,Software,context,none,context: human,2.5,all,,,,"[""https://www.tlctc.net"",""https://github.com/Barnes70/TLCTC/tree/main/mappings/veris"",""https://doi.org/10.5281/zenodo.20633176""]","boundary_context: human; A fake or trojanised application offered to a person: [human] context of the #9 step; the installed code is #7 (R-EXEC), or #10 where it arrived as a trusted update (R-SUPPLY).",TLCTC Project,2026-09-18,2026-09-18
162,veris,1.4.1,action.social,action.social.vector.Virtual meeting,Virtual meeting,context,none,context: human,2.5,all,,,,"[""https://www.tlctc.net"",""https://github.com/Barnes70/TLCTC/tree/main/mappings/veris"",""https://doi.org/10.5281/zenodo.20633176""]",boundary_context: human; Manipulation in a video call: [human] boundary context of the #9 step.,TLCTC Project,2026-09-18,2026-09-18
163,veris,1.4.1,action.social,action.social.vector.Web application,Web application,context,none,context: human,2.5,all,,,,"[""https://www.tlctc.net"",""https://github.com/Barnes70/TLCTC/tree/main/mappings/veris"",""https://doi.org/10.5281/zenodo.20633176""]",boundary_context: human; Manipulation through a web page or form: [human] boundary context of the #9 step.,TLCTC Project,2026-09-18,2026-09-18
164,veris,1.4.1,action.social,action.social.vector.Other,Other,unresolved,none,unresolved (R-UNRES-2),2.5,all,,,,"[""https://www.tlctc.net"",""https://github.com/Barnes70/TLCTC/tree/main/mappings/veris"",""https://doi.org/10.5281/zenodo.20633176""]",The vector is recorded as unspecified; no context annotation can be derived.,TLCTC Project,2026-09-18,2026-09-18
165,veris,1.4.1,action.social,action.social.vector.Unknown,Unknown,unresolved,none,unresolved (R-UNRES-2),2.5,all,,,,"[""https://www.tlctc.net"",""https://github.com/Barnes70/TLCTC/tree/main/mappings/veris"",""https://doi.org/10.5281/zenodo.20633176""]",The vector is not recorded; no context annotation can be derived.,TLCTC Project,2026-09-18,2026-09-18
166,veris,1.4.1,action.misuse,action.misuse.variety.Data mishandling,Handling of data in an unapproved manner,no-cluster,none,operational risk: abuse_of_rights,2.5,all,,,,"[""https://www.tlctc.net"",""https://github.com/Barnes70/TLCTC/tree/main/mappings/veris"",""https://doi.org/10.5281/zenodo.20633176""]","partition row: abuse_of_rights; R-SCOPE; Handling data one is entitled to handle in an unapproved manner is Abuse of Rights: the envelope is honoured, the purpose is not. VERIS defines misuse as entrusted resources or privileges used contrary to their intended purpose: an actor inside an entitlement an accountable grantor conferred, acting against its purpose. That is Abuse of Rights on the cause-side partition (R-SCOPE): operational risk, no generic vulnerability, no cluster, no System Risk Event; the consequence chain starts at the Data Risk Event. Only where the evidence shows the action reached past the conferred envelope (a scope the grant never covered) does it enter the Attack row as #1.",TLCTC Project,2026-09-18,2026-09-18
167,veris,1.4.1,action.misuse,action.misuse.variety.Email misuse,Inappropriate use of email or IM,no-cluster,none,operational risk: abuse_of_rights,2.5,all,,,,"[""https://www.tlctc.net"",""https://github.com/Barnes70/TLCTC/tree/main/mappings/veris"",""https://doi.org/10.5281/zenodo.20633176""]","partition row: abuse_of_rights; R-SCOPE; An insider acting inside the entitlement a grantor conferred, against policy but not against the system: Abuse of Rights, operational risk, no cluster (R-SCOPE).",TLCTC Project,2026-09-18,2026-09-18
168,veris,1.4.1,action.misuse,action.misuse.variety.Evade Defenses,"Modification of the action (rather than the system, as in 'Disable controls') to avoid detection.",outcome,none,outcome (Axiom III),2.5,all,,,,"[""https://www.tlctc.net"",""https://github.com/Barnes70/TLCTC/tree/main/mappings/veris"",""https://doi.org/10.5281/zenodo.20633176""]","A property of how the misuse was carried out, not a step.",TLCTC Project,2026-09-18,2026-09-18
169,veris,1.4.1,action.misuse,action.misuse.variety.Illicit content,Storage or distribution of illicit content,no-cluster,none,operational risk: abuse_of_rights,2.5,all,,,,"[""https://www.tlctc.net"",""https://github.com/Barnes70/TLCTC/tree/main/mappings/veris"",""https://doi.org/10.5281/zenodo.20633176""]","partition row: abuse_of_rights; R-SCOPE; An insider acting inside the entitlement a grantor conferred, against policy but not against the system: Abuse of Rights, operational risk, no cluster (R-SCOPE).",TLCTC Project,2026-09-18,2026-09-18
170,veris,1.4.1,action.misuse,action.misuse.variety.Knowledge abuse,Abuse of private or entrusted knowledge,no-cluster,none,operational risk: abuse_of_rights,2.5,all,,,,"[""https://www.tlctc.net"",""https://github.com/Barnes70/TLCTC/tree/main/mappings/veris"",""https://doi.org/10.5281/zenodo.20633176""]","partition row: abuse_of_rights; R-SCOPE; Using entrusted knowledge against the purpose it was entrusted for is Abuse of Rights; no system function or flaw is exploited. VERIS defines misuse as entrusted resources or privileges used contrary to their intended purpose: an actor inside an entitlement an accountable grantor conferred, acting against its purpose. That is Abuse of Rights on the cause-side partition (R-SCOPE): operational risk, no generic vulnerability, no cluster, no System Risk Event; the consequence chain starts at the Data Risk Event. Only where the evidence shows the action reached past the conferred envelope (a scope the grant never covered) does it enter the Attack row as #1.",TLCTC Project,2026-09-18,2026-09-18
171,veris,1.4.1,action.misuse,action.misuse.variety.Net misuse,Inappropriate use of network or Web access including cloud services,no-cluster,none,operational risk: abuse_of_rights,2.5,all,,,,"[""https://www.tlctc.net"",""https://github.com/Barnes70/TLCTC/tree/main/mappings/veris"",""https://doi.org/10.5281/zenodo.20633176""]","partition row: abuse_of_rights; R-SCOPE; An insider acting inside the entitlement a grantor conferred, against policy but not against the system: Abuse of Rights, operational risk, no cluster (R-SCOPE).",TLCTC Project,2026-09-18,2026-09-18
172,veris,1.4.1,action.misuse,action.misuse.variety.Password or Session Sharing,Sharing of a legitimate user's credential or session,chain,#4,Identity Theft,2.5,all,,,,"[""https://www.tlctc.net"",""https://github.com/Barnes70/TLCTC/tree/main/mappings/veris"",""https://doi.org/10.5281/zenodo.20633176""]","R-CRED; companion before: the sharer's act (Abuse of Rights, operational risk, no cluster); notation: <sharing: no cluster> → #4; The person who uses a shared credential authenticates as an identity that is not their own: #4 (R-CRED). The sharing itself is an in-grant policy violation with no cluster (R-SCOPE).",TLCTC Project,2026-09-18,2026-09-18
173,veris,1.4.1,action.misuse,action.misuse.variety.Possession abuse,Abuse of physical access to asset,no-cluster,none,operational risk: abuse_of_rights,2.5,all,,,,"[""https://www.tlctc.net"",""https://github.com/Barnes70/TLCTC/tree/main/mappings/veris"",""https://doi.org/10.5281/zenodo.20633176""]","partition row: abuse_of_rights; R-SCOPE; Abusing physical access one is entitled to (a badge holder propping open a door is the dictionary's example) is Abuse of Rights. VERIS defines misuse as entrusted resources or privileges used contrary to their intended purpose: an actor inside an entitlement an accountable grantor conferred, acting against its purpose. That is Abuse of Rights on the cause-side partition (R-SCOPE): operational risk, no generic vulnerability, no cluster, no System Risk Event; the consequence chain starts at the Data Risk Event. Only where the evidence shows the action reached past the conferred envelope (a scope the grant never covered) does it enter the Attack row as #1.",TLCTC Project,2026-09-18,2026-09-18
174,veris,1.4.1,action.misuse,action.misuse.variety.Privilege abuse,Abuse of system access privileges,no-cluster,none,operational risk: abuse_of_rights,2.5,all,,,,"[""https://www.tlctc.net"",""https://github.com/Barnes70/TLCTC/tree/main/mappings/veris"",""https://doi.org/10.5281/zenodo.20633176""]","partition row: abuse_of_rights; R-SCOPE; Using system privileges one genuinely holds for a purpose the grantor did not intend is the dictionary's own example of Abuse of Rights (an administrator using genuine root to exfiltrate). VERIS defines misuse as entrusted resources or privileges used contrary to their intended purpose: an actor inside an entitlement an accountable grantor conferred, acting against its purpose. That is Abuse of Rights on the cause-side partition (R-SCOPE): operational risk, no generic vulnerability, no cluster, no System Risk Event; the consequence chain starts at the Data Risk Event. Only where the evidence shows the action reached past the conferred envelope (a scope the grant never covered) does it enter the Attack row as #1.",TLCTC Project,2026-09-18,2026-09-18
175,veris,1.4.1,action.misuse,action.misuse.variety.Snap picture,Actor photographs the confidentiality data variety.,no-cluster,none,operational risk: abuse_of_rights,2.5,all,,,,"[""https://www.tlctc.net"",""https://github.com/Barnes70/TLCTC/tree/main/mappings/veris"",""https://doi.org/10.5281/zenodo.20633176""]","partition row: abuse_of_rights; R-SCOPE; Photographing data one is entitled to view uses the entitlement against its purpose: Abuse of Rights, and the Data Risk Event C follows without any compromise. VERIS defines misuse as entrusted resources or privileges used contrary to their intended purpose: an actor inside an entitlement an accountable grantor conferred, acting against its purpose. That is Abuse of Rights on the cause-side partition (R-SCOPE): operational risk, no generic vulnerability, no cluster, no System Risk Event; the consequence chain starts at the Data Risk Event. Only where the evidence shows the action reached past the conferred envelope (a scope the grant never covered) does it enter the Attack row as #1.",TLCTC Project,2026-09-18,2026-09-18
176,veris,1.4.1,action.misuse,action.misuse.variety.Unapproved hardware,Use of unapproved hardware or devices,no-cluster,none,operational risk: abuse_of_rights,2.5,all,,,,"[""https://www.tlctc.net"",""https://github.com/Barnes70/TLCTC/tree/main/mappings/veris"",""https://doi.org/10.5281/zenodo.20633176""]","partition row: abuse_of_rights; R-SCOPE; An insider acting inside the entitlement a grantor conferred, against policy but not against the system: Abuse of Rights, operational risk, no cluster (R-SCOPE).",TLCTC Project,2026-09-18,2026-09-18
177,veris,1.4.1,action.misuse,action.misuse.variety.Unapproved software,Use of unapproved software or services,no-cluster,none,operational risk: abuse_of_rights,2.5,all,,,,"[""https://www.tlctc.net"",""https://github.com/Barnes70/TLCTC/tree/main/mappings/veris"",""https://doi.org/10.5281/zenodo.20633176""]","partition row: abuse_of_rights; R-SCOPE; An insider acting inside the entitlement a grantor conferred, against policy but not against the system: Abuse of Rights, operational risk, no cluster (R-SCOPE).",TLCTC Project,2026-09-18,2026-09-18
178,veris,1.4.1,action.misuse,action.misuse.variety.Unapproved workaround,Unapproved workaround or shortcut,no-cluster,none,operational risk: abuse_of_rights,2.5,all,,,,"[""https://www.tlctc.net"",""https://github.com/Barnes70/TLCTC/tree/main/mappings/veris"",""https://doi.org/10.5281/zenodo.20633176""]","partition row: abuse_of_rights; R-SCOPE; An insider acting inside the entitlement a grantor conferred, against policy but not against the system: Abuse of Rights, operational risk, no cluster (R-SCOPE).",TLCTC Project,2026-09-18,2026-09-18
179,veris,1.4.1,action.misuse,action.misuse.variety.Other, Other,no-cluster,none,operational risk: abuse_of_rights,2.5,all,,,,"[""https://www.tlctc.net"",""https://github.com/Barnes70/TLCTC/tree/main/mappings/veris"",""https://doi.org/10.5281/zenodo.20633176""]","partition row: abuse_of_rights; R-SCOPE; An insider misuse of unrecorded kind: VERIS's misuse category itself asserts entrusted resources used contrary to purpose, so the row (Abuse of Rights) is known even though the variety is not. VERIS defines misuse as entrusted resources or privileges used contrary to their intended purpose: an actor inside an entitlement an accountable grantor conferred, acting against its purpose. That is Abuse of Rights on the cause-side partition (R-SCOPE): operational risk, no generic vulnerability, no cluster, no System Risk Event; the consequence chain starts at the Data Risk Event. Only where the evidence shows the action reached past the conferred envelope (a scope the grant never covered) does it enter the Attack row as #1.",TLCTC Project,2026-09-18,2026-09-18
180,veris,1.4.1,action.misuse,action.misuse.variety.Unknown,Unknown,no-cluster,none,operational risk: abuse_of_rights,2.5,all,,,,"[""https://www.tlctc.net"",""https://github.com/Barnes70/TLCTC/tree/main/mappings/veris"",""https://doi.org/10.5281/zenodo.20633176""]","partition row: abuse_of_rights; R-SCOPE; An insider misuse of unrecorded kind: VERIS's misuse category itself asserts entrusted resources used contrary to purpose, so the row (Abuse of Rights) is known even though the variety is not. VERIS defines misuse as entrusted resources or privileges used contrary to their intended purpose: an actor inside an entitlement an accountable grantor conferred, acting against its purpose. That is Abuse of Rights on the cause-side partition (R-SCOPE): operational risk, no generic vulnerability, no cluster, no System Risk Event; the consequence chain starts at the Data Risk Event. Only where the evidence shows the action reached past the conferred envelope (a scope the grant never covered) does it enter the Attack row as #1.",TLCTC Project,2026-09-18,2026-09-18
181,veris,1.4.1,action.misuse,action.misuse.vector.LAN access,Local network access within corporate facility,context,none,context: location,2.5,all,,,,"[""https://www.tlctc.net"",""https://github.com/Barnes70/TLCTC/tree/main/mappings/veris"",""https://doi.org/10.5281/zenodo.20633176""]","note: location; Carried out from inside the corporate network; location only, no classification input.",TLCTC Project,2026-09-18,2026-09-18
182,veris,1.4.1,action.misuse,action.misuse.vector.Non-corporate,Non-corporate facilities or networks,context,none,context: location,2.5,all,,,,"[""https://www.tlctc.net"",""https://github.com/Barnes70/TLCTC/tree/main/mappings/veris"",""https://doi.org/10.5281/zenodo.20633176""]",note: location; Carried out from outside corporate facilities or networks; location only.,TLCTC Project,2026-09-18,2026-09-18
183,veris,1.4.1,action.misuse,action.misuse.vector.Physical access,Physical access within corporate facility,context,none,context: physical,2.5,all,,,,"[""https://www.tlctc.net"",""https://github.com/Barnes70/TLCTC/tree/main/mappings/veris"",""https://doi.org/10.5281/zenodo.20633176""]",boundary_context: physical; Carried out with physical presence at the asset: [physical] boundary context.,TLCTC Project,2026-09-18,2026-09-18
184,veris,1.4.1,action.misuse,action.misuse.vector.Remote access,Remote access connection to corporate network (i.e. VPN),context,none,context: channel,2.5,all,,,,"[""https://www.tlctc.net"",""https://github.com/Barnes70/TLCTC/tree/main/mappings/veris"",""https://doi.org/10.5281/zenodo.20633176""]","note: channel; Carried out over a remote-access connection; the connection is the channel, not a classification input.",TLCTC Project,2026-09-18,2026-09-18
185,veris,1.4.1,action.misuse,action.misuse.vector.Web application,Web application,context,none,context: role server,2.5,all,,,,"[""https://www.tlctc.net"",""https://github.com/Barnes70/TLCTC/tree/main/mappings/veris"",""https://doi.org/10.5281/zenodo.20633176""]",role_hint: server; Carried out through a web application; the application is the abused function's interface.,TLCTC Project,2026-09-18,2026-09-18
186,veris,1.4.1,action.misuse,action.misuse.vector.Other,Other,unresolved,none,unresolved (R-UNRES-2),2.5,all,,,,"[""https://www.tlctc.net"",""https://github.com/Barnes70/TLCTC/tree/main/mappings/veris"",""https://doi.org/10.5281/zenodo.20633176""]",The vector is recorded as unspecified; no context annotation can be derived.,TLCTC Project,2026-09-18,2026-09-18
187,veris,1.4.1,action.misuse,action.misuse.vector.Unknown,Unknown,unresolved,none,unresolved (R-UNRES-2),2.5,all,,,,"[""https://www.tlctc.net"",""https://github.com/Barnes70/TLCTC/tree/main/mappings/veris"",""https://doi.org/10.5281/zenodo.20633176""]",The vector is not recorded; no context annotation can be derived.,TLCTC Project,2026-09-18,2026-09-18
188,veris,1.4.1,action.physical,action.physical.variety.Assault,Assault (threats or acts of physical violence),no-cluster,none,out of scope: no IT-system step (TLCTC+),2.5,all,,,,"[""https://www.tlctc.net"",""https://github.com/Barnes70/TLCTC/tree/main/mappings/veris"",""https://doi.org/10.5281/zenodo.20633176""]","partition row: attack; Violence or threats against a person are intentional and outside any grant, but they are not a step against an IT system; outside the core clusters.",TLCTC Project,2026-09-18,2026-09-18
189,veris,1.4.1,action.physical,action.physical.variety.Bypassed controls,Bypassed physical barriers or controls,direct,#8,Physical Attack,2.5,all,,,,"[""https://www.tlctc.net"",""https://github.com/Barnes70/TLCTC/tree/main/mappings/veris"",""https://doi.org/10.5281/zenodo.20633176""]","R-SUBSTRATE; sub-cluster hint: 8.1; Getting past a physical barrier exploits the physical layer's lack of control over access to the substrate (#8, mechanical vector).",TLCTC Project,2026-09-18,2026-09-18
190,veris,1.4.1,action.physical,action.physical.variety.Connection,Connection,direct,#8,Physical Attack,2.5,all,,,,"[""https://www.tlctc.net"",""https://github.com/Barnes70/TLCTC/tree/main/mappings/veris"",""https://doi.org/10.5281/zenodo.20633176""]","R-SUBSTRATE; sub-cluster hint: 8.1; Attaching a device to hardware or a port is direct physical interaction with the substrate (#8); if the device then runs code on the system, #7 follows (R-EXEC).",TLCTC Project,2026-09-18,2026-09-18
191,veris,1.4.1,action.physical,action.physical.variety.Destruction,Destruction (deliberate damaging or disabling),direct,#8,Physical Attack,2.5,all,,,,"[""https://www.tlctc.net"",""https://github.com/Barnes70/TLCTC/tree/main/mappings/veris"",""https://doi.org/10.5281/zenodo.20633176""]",R-SUBSTRATE; sub-cluster hint: 8.1; Deliberately damaging hardware acts on the substrate itself (#8); the availability effect is the Data Risk Event Av.,TLCTC Project,2026-09-18,2026-09-18
192,veris,1.4.1,action.physical,action.physical.variety.Disabled controls,Disabled physical barriers or controls,direct,#8,Physical Attack,2.5,all,,,,"[""https://www.tlctc.net"",""https://github.com/Barnes70/TLCTC/tree/main/mappings/veris"",""https://doi.org/10.5281/zenodo.20633176""]",R-SUBSTRATE; sub-cluster hint: 8.1; Disabling a physical barrier or sensor acts on the substrate (#8).,TLCTC Project,2026-09-18,2026-09-18
193,veris,1.4.1,action.physical,action.physical.variety.Evade Defenses,"Modification of the action (rather than the system, as in 'Disable controls') to avoid detection.",outcome,none,outcome (Axiom III),2.5,all,,,,"[""https://www.tlctc.net"",""https://github.com/Barnes70/TLCTC/tree/main/mappings/veris"",""https://doi.org/10.5281/zenodo.20633176""]","A property of how the physical step was carried out, not a step.",TLCTC Project,2026-09-18,2026-09-18
194,veris,1.4.1,action.physical,action.physical.variety.Skimmer,Installing card skimming device,direct,#8,Physical Attack,2.5,all,,,,"[""https://www.tlctc.net"",""https://github.com/Barnes70/TLCTC/tree/main/mappings/veris"",""https://doi.org/10.5281/zenodo.20633176""]",R-SUBSTRATE; sub-cluster hint: 8.1; Installing a skimming device is a mechanical interaction with the terminal (#8); the device then captures the channel at the physical interface.,TLCTC Project,2026-09-18,2026-09-18
195,veris,1.4.1,action.physical,action.physical.variety.Snooping,Snooping (sneak about to gain info or access),direct,#8,Physical Attack,2.5,all,,,,"[""https://www.tlctc.net"",""https://github.com/Barnes70/TLCTC/tree/main/mappings/veris"",""https://doi.org/10.5281/zenodo.20633176""]","R-SUBSTRATE; sub-cluster hint: 8.1; Sneaking about to reach systems or information exploits the physical layer's lack of control over who is present (#8, mechanical vector: presence and movement). Observation of people with no system involved is outside core.",TLCTC Project,2026-09-18,2026-09-18
196,veris,1.4.1,action.physical,action.physical.variety.Surveillance,Surveillance (monitoring and observation),direct,#8,Physical Attack,2.5,all,,,,"[""https://www.tlctc.net"",""https://github.com/Barnes70/TLCTC/tree/main/mappings/veris"",""https://doi.org/10.5281/zenodo.20633176""]","R-SUBSTRATE; sub-cluster hint: 8.2; Monitoring systems or screens exploits emanations and line of sight, a physical-layer property (#8, signal vector). Surveillance of people with no system involved is outside core.",TLCTC Project,2026-09-18,2026-09-18
197,veris,1.4.1,action.physical,action.physical.variety.Tampering,Tampering (alter physical form or function),direct,#8,Physical Attack,2.5,all,,,,"[""https://www.tlctc.net"",""https://github.com/Barnes70/TLCTC/tree/main/mappings/veris"",""https://doi.org/10.5281/zenodo.20633176""]",R-SUBSTRATE; sub-cluster hint: 8.1; Altering hardware's form or function acts on the substrate (#8); a hardware implant that runs code adds #7 (R-EXEC).,TLCTC Project,2026-09-18,2026-09-18
198,veris,1.4.1,action.physical,action.physical.variety.Theft,Theft (taking assets without permission),direct,#8,Physical Attack,2.5,all,,,,"[""https://www.tlctc.net"",""https://github.com/Barnes70/TLCTC/tree/main/mappings/veris"",""https://doi.org/10.5281/zenodo.20633176""]",R-SUBSTRATE; sub-cluster hint: 8.1; Taking an asset exploits the physical layer's lack of control over possession (#8); the Data Risk Event follows from what the asset held.,TLCTC Project,2026-09-18,2026-09-18
199,veris,1.4.1,action.physical,action.physical.variety.Wiretapping,Wiretapping (Physical tap to comms line),direct,#8,Physical Attack,2.5,all,,,,"[""https://www.tlctc.net"",""https://github.com/Barnes70/TLCTC/tree/main/mappings/veris"",""https://doi.org/10.5281/zenodo.20633176""]","R-SUBSTRATE; sub-cluster hint: 8.2; A physical tap on a line exploits a physical-layer property of the substrate (#8, signal vector); the interception it enables is #5 once the position exists (R-MITM).",TLCTC Project,2026-09-18,2026-09-18
200,veris,1.4.1,action.physical,action.physical.variety.Other,Other,unresolved,none,unresolved (R-UNRES-2),2.5,all,,,,"[""https://www.tlctc.net"",""https://github.com/Barnes70/TLCTC/tree/main/mappings/veris"",""https://doi.org/10.5281/zenodo.20633176""]",The record says a physical action occurred without naming it.,TLCTC Project,2026-09-18,2026-09-18
201,veris,1.4.1,action.physical,action.physical.variety.Unknown,Unknown,unresolved,none,unresolved (R-UNRES-2),2.5,all,,,,"[""https://www.tlctc.net"",""https://github.com/Barnes70/TLCTC/tree/main/mappings/veris"",""https://doi.org/10.5281/zenodo.20633176""]",The record says a physical action occurred without naming it.,TLCTC Project,2026-09-18,2026-09-18
202,veris,1.4.1,action.physical,action.physical.vector.Partner facility,Partner facility or area,context,none,context: physical,2.5,all,,,,"[""https://www.tlctc.net"",""https://github.com/Barnes70/TLCTC/tree/main/mappings/veris"",""https://doi.org/10.5281/zenodo.20633176""]",boundary_context: physical; boundary: @Vendor→@Org; The step took place on partner premises or in a partner vehicle: [physical] context with a responsibility-sphere crossing ||[physical][@Vendor→@Org]||.,TLCTC Project,2026-09-18,2026-09-18
203,veris,1.4.1,action.physical,action.physical.vector.Partner vehicle,"Partner vehicle (e.g., delivery truck)",context,none,context: physical,2.5,all,,,,"[""https://www.tlctc.net"",""https://github.com/Barnes70/TLCTC/tree/main/mappings/veris"",""https://doi.org/10.5281/zenodo.20633176""]",boundary_context: physical; boundary: @Vendor→@Org; The step took place on partner premises or in a partner vehicle: [physical] context with a responsibility-sphere crossing ||[physical][@Vendor→@Org]||.,TLCTC Project,2026-09-18,2026-09-18
204,veris,1.4.1,action.physical,action.physical.vector.Personal residence,Personal residence,context,none,context: physical,2.5,all,,,,"[""https://www.tlctc.net"",""https://github.com/Barnes70/TLCTC/tree/main/mappings/veris"",""https://doi.org/10.5281/zenodo.20633176""]","boundary_context: physical; Location of the physical step; [physical] boundary context, no classification input.",TLCTC Project,2026-09-18,2026-09-18
205,veris,1.4.1,action.physical,action.physical.vector.Personal vehicle,Personal vehicle,context,none,context: physical,2.5,all,,,,"[""https://www.tlctc.net"",""https://github.com/Barnes70/TLCTC/tree/main/mappings/veris"",""https://doi.org/10.5281/zenodo.20633176""]","boundary_context: physical; Location of the physical step; [physical] boundary context, no classification input.",TLCTC Project,2026-09-18,2026-09-18
206,veris,1.4.1,action.physical,action.physical.vector.Public facility,Public facility or area,context,none,context: physical,2.5,all,,,,"[""https://www.tlctc.net"",""https://github.com/Barnes70/TLCTC/tree/main/mappings/veris"",""https://doi.org/10.5281/zenodo.20633176""]","boundary_context: physical; Location of the physical step; [physical] boundary context, no classification input.",TLCTC Project,2026-09-18,2026-09-18
207,veris,1.4.1,action.physical,action.physical.vector.Public vehicle,"Public vehicle (e.g., plane, taxi)",context,none,context: physical,2.5,all,,,,"[""https://www.tlctc.net"",""https://github.com/Barnes70/TLCTC/tree/main/mappings/veris"",""https://doi.org/10.5281/zenodo.20633176""]","boundary_context: physical; Location of the physical step; [physical] boundary context, no classification input.",TLCTC Project,2026-09-18,2026-09-18
208,veris,1.4.1,action.physical,action.physical.vector.Victim grounds,Victim outdoor grounds,context,none,context: physical,2.5,all,,,,"[""https://www.tlctc.net"",""https://github.com/Barnes70/TLCTC/tree/main/mappings/veris"",""https://doi.org/10.5281/zenodo.20633176""]","boundary_context: physical; Location of the physical step; [physical] boundary context, no classification input.",TLCTC Project,2026-09-18,2026-09-18
209,veris,1.4.1,action.physical,action.physical.vector.Victim public area,"Victim public or customer area (e.g., lobby, storefront)",context,none,context: physical,2.5,all,,,,"[""https://www.tlctc.net"",""https://github.com/Barnes70/TLCTC/tree/main/mappings/veris"",""https://doi.org/10.5281/zenodo.20633176""]","boundary_context: physical; Location of the physical step; [physical] boundary context, no classification input.",TLCTC Project,2026-09-18,2026-09-18
210,veris,1.4.1,action.physical,action.physical.vector.Victim secure area,"Victim high security area (e.g., server room, R&D labs)",context,none,context: physical,2.5,all,,,,"[""https://www.tlctc.net"",""https://github.com/Barnes70/TLCTC/tree/main/mappings/veris"",""https://doi.org/10.5281/zenodo.20633176""]","boundary_context: physical; Location of the physical step; [physical] boundary context, no classification input.",TLCTC Project,2026-09-18,2026-09-18
211,veris,1.4.1,action.physical,action.physical.vector.Victim work area,"Victim private or work area (e.g., office space)",context,none,context: physical,2.5,all,,,,"[""https://www.tlctc.net"",""https://github.com/Barnes70/TLCTC/tree/main/mappings/veris"",""https://doi.org/10.5281/zenodo.20633176""]","boundary_context: physical; Location of the physical step; [physical] boundary context, no classification input.",TLCTC Project,2026-09-18,2026-09-18
212,veris,1.4.1,action.physical,action.physical.vector.Unknown,Unknown,unresolved,none,unresolved (R-UNRES-2),2.5,all,,,,"[""https://www.tlctc.net"",""https://github.com/Barnes70/TLCTC/tree/main/mappings/veris"",""https://doi.org/10.5281/zenodo.20633176""]",The location is not recorded; no context annotation can be derived.,TLCTC Project,2026-09-18,2026-09-18
213,veris,1.4.1,action.physical,action.physical.vector.Other,Other,unresolved,none,unresolved (R-UNRES-2),2.5,all,,,,"[""https://www.tlctc.net"",""https://github.com/Barnes70/TLCTC/tree/main/mappings/veris"",""https://doi.org/10.5281/zenodo.20633176""]",The location is not recorded; no context annotation can be derived.,TLCTC Project,2026-09-18,2026-09-18
214,veris,1.4.1,action.error,action.error.variety.Capacity shortage,Poor capacity planning,no-cluster,none,operational risk: failure,2.5,all,,,,"[""https://www.tlctc.net"",""https://github.com/Barnes70/TLCTC/tree/main/mappings/veris"",""https://doi.org/10.5281/zenodo.20633176""]","partition row: failure; Axiom V; No actor intended the outcome and, at the time of the event, no actor was acting: 'Capacity shortage' is a system failure on the cause-side partition's Failure row (operational risk, no cluster). Control failures are not threats (Axiom V).",TLCTC Project,2026-09-18,2026-09-18
215,veris,1.4.1,action.error,action.error.variety.Classification error,Classification or labeling error,no-cluster,none,operational risk: error_in_use,2.5,all,,,,"[""https://www.tlctc.net"",""https://github.com/Barnes70/TLCTC/tree/main/mappings/veris"",""https://doi.org/10.5281/zenodo.20633176""]","partition row: error_in_use; Axiom V; An actor acted without intending the outcome: 'Classification error' is Error in Use on the cause-side partition (operational risk, no cluster). Control failures are not threats (Axiom V).",TLCTC Project,2026-09-18,2026-09-18
216,veris,1.4.1,action.error,action.error.variety.Data entry error,Data entry error,no-cluster,none,operational risk: error_in_use,2.5,all,,,,"[""https://www.tlctc.net"",""https://github.com/Barnes70/TLCTC/tree/main/mappings/veris"",""https://doi.org/10.5281/zenodo.20633176""]","partition row: error_in_use; Axiom V; An actor acted without intending the outcome: 'Data entry error' is Error in Use on the cause-side partition (operational risk, no cluster). Control failures are not threats (Axiom V).",TLCTC Project,2026-09-18,2026-09-18
217,veris,1.4.1,action.error,action.error.variety.Disposal error,Disposal error,no-cluster,none,operational risk: error_in_use,2.5,all,,,,"[""https://www.tlctc.net"",""https://github.com/Barnes70/TLCTC/tree/main/mappings/veris"",""https://doi.org/10.5281/zenodo.20633176""]","partition row: error_in_use; Axiom V; An actor acted without intending the outcome: 'Disposal error' is Error in Use on the cause-side partition (operational risk, no cluster). Control failures are not threats (Axiom V).",TLCTC Project,2026-09-18,2026-09-18
218,veris,1.4.1,action.error,action.error.variety.Gaffe,Gaffe (social or verbal slip),no-cluster,none,operational risk: error_in_use,2.5,all,,,,"[""https://www.tlctc.net"",""https://github.com/Barnes70/TLCTC/tree/main/mappings/veris"",""https://doi.org/10.5281/zenodo.20633176""]","partition row: error_in_use; Axiom V; An actor acted without intending the outcome: 'Gaffe' is Error in Use on the cause-side partition (operational risk, no cluster). Control failures are not threats (Axiom V).",TLCTC Project,2026-09-18,2026-09-18
219,veris,1.4.1,action.error,action.error.variety.Loss,Loss or misplacement,no-cluster,none,operational risk: error_in_use,2.5,all,,,,"[""https://www.tlctc.net"",""https://github.com/Barnes70/TLCTC/tree/main/mappings/veris"",""https://doi.org/10.5281/zenodo.20633176""]","partition row: error_in_use; Axiom V; An actor acted without intending the outcome: 'Loss' is Error in Use on the cause-side partition (operational risk, no cluster). Control failures are not threats (Axiom V).",TLCTC Project,2026-09-18,2026-09-18
220,veris,1.4.1,action.error,action.error.variety.Maintenance error,Maintenance error,no-cluster,none,operational risk: error_in_use,2.5,all,,,,"[""https://www.tlctc.net"",""https://github.com/Barnes70/TLCTC/tree/main/mappings/veris"",""https://doi.org/10.5281/zenodo.20633176""]","partition row: error_in_use; Axiom V; An actor acted without intending the outcome: 'Maintenance error' is Error in Use on the cause-side partition (operational risk, no cluster). Control failures are not threats (Axiom V).",TLCTC Project,2026-09-18,2026-09-18
221,veris,1.4.1,action.error,action.error.variety.Malfunction,Technical malfunction or glitch,no-cluster,none,operational risk: failure,2.5,all,,,,"[""https://www.tlctc.net"",""https://github.com/Barnes70/TLCTC/tree/main/mappings/veris"",""https://doi.org/10.5281/zenodo.20633176""]","partition row: failure; Axiom V; No actor intended the outcome and, at the time of the event, no actor was acting: 'Malfunction' is a system failure on the cause-side partition's Failure row (operational risk, no cluster). Control failures are not threats (Axiom V).",TLCTC Project,2026-09-18,2026-09-18
222,veris,1.4.1,action.error,action.error.variety.Misconfiguration,Misconfiguration,no-cluster,none,operational risk: failure,2.5,all,,,,"[""https://www.tlctc.net"",""https://github.com/Barnes70/TLCTC/tree/main/mappings/veris"",""https://doi.org/10.5281/zenodo.20633176""]","partition row: failure; Axiom V; No actor intended the outcome and, at the time of the event, no actor was acting: 'Misconfiguration' is a system failure on the cause-side partition's Failure row (operational risk, no cluster). Control failures are not threats (Axiom V).",TLCTC Project,2026-09-18,2026-09-18
223,veris,1.4.1,action.error,action.error.variety.Misdelivery,Misdelivery (send wrong info or to wrong recipient),no-cluster,none,operational risk: error_in_use,2.5,all,,,,"[""https://www.tlctc.net"",""https://github.com/Barnes70/TLCTC/tree/main/mappings/veris"",""https://doi.org/10.5281/zenodo.20633176""]","partition row: error_in_use; Axiom V; An actor acted without intending the outcome: 'Misdelivery' is Error in Use on the cause-side partition (operational risk, no cluster). Control failures are not threats (Axiom V).",TLCTC Project,2026-09-18,2026-09-18
224,veris,1.4.1,action.error,action.error.variety.Misinformation,Misinformation (unintentionally giving false info),no-cluster,none,operational risk: error_in_use,2.5,all,,,,"[""https://www.tlctc.net"",""https://github.com/Barnes70/TLCTC/tree/main/mappings/veris"",""https://doi.org/10.5281/zenodo.20633176""]","partition row: error_in_use; Axiom V; An actor acted without intending the outcome: 'Misinformation' is Error in Use on the cause-side partition (operational risk, no cluster). Control failures are not threats (Axiom V).",TLCTC Project,2026-09-18,2026-09-18
225,veris,1.4.1,action.error,action.error.variety.Physical accidents,"Physical accidents (e.g., drops, bumps, spills)",no-cluster,none,operational risk: error_in_use,2.5,all,,,,"[""https://www.tlctc.net"",""https://github.com/Barnes70/TLCTC/tree/main/mappings/veris"",""https://doi.org/10.5281/zenodo.20633176""]","partition row: error_in_use; Axiom V; An actor acted without intending the outcome: 'Physical accidents' is Error in Use on the cause-side partition (operational risk, no cluster). Control failures are not threats (Axiom V).",TLCTC Project,2026-09-18,2026-09-18
226,veris,1.4.1,action.error,action.error.variety.Programming error,Programming error (flaws or bugs in custom code). This is the error equivalent of the hacking/malware 'Exploit vuln' enumerations.,no-cluster,none,operational risk: failure,2.5,all,,,,"[""https://www.tlctc.net"",""https://github.com/Barnes70/TLCTC/tree/main/mappings/veris"",""https://doi.org/10.5281/zenodo.20633176""]","partition row: failure; Axiom V; No actor intended the outcome and, at the time of the event, no actor was acting: 'Programming error' is a system failure on the cause-side partition's Failure row (operational risk, no cluster). Control failures are not threats (Axiom V).",TLCTC Project,2026-09-18,2026-09-18
227,veris,1.4.1,action.error,action.error.variety.Publishing error,Publishing error (private info to public doc or site),no-cluster,none,operational risk: error_in_use,2.5,all,,,,"[""https://www.tlctc.net"",""https://github.com/Barnes70/TLCTC/tree/main/mappings/veris"",""https://doi.org/10.5281/zenodo.20633176""]","partition row: error_in_use; Axiom V; An actor acted without intending the outcome: 'Publishing error' is Error in Use on the cause-side partition (operational risk, no cluster). Control failures are not threats (Axiom V).",TLCTC Project,2026-09-18,2026-09-18
228,veris,1.4.1,action.error,action.error.variety.Other,Other,no-cluster,none,operational risk: error_in_use,2.5,all,,,,"[""https://www.tlctc.net"",""https://github.com/Barnes70/TLCTC/tree/main/mappings/veris"",""https://doi.org/10.5281/zenodo.20633176""]","partition row: error_in_use; Axiom V; An error whose kind is not recorded is still an action without intent: Error in Use, operational risk, no cluster (Axiom V).",TLCTC Project,2026-09-18,2026-09-18
229,veris,1.4.1,action.error,action.error.variety.Unknown,Unknown,no-cluster,none,operational risk: error_in_use,2.5,all,,,,"[""https://www.tlctc.net"",""https://github.com/Barnes70/TLCTC/tree/main/mappings/veris"",""https://doi.org/10.5281/zenodo.20633176""]","partition row: error_in_use; Axiom V; An error whose kind is not recorded is still an action without intent: Error in Use, operational risk, no cluster (Axiom V).",TLCTC Project,2026-09-18,2026-09-18
230,veris,1.4.1,action.error,action.error.vector.Carelessness,Carelessness. An honest mistake due to inattention to detail. Use it when it is known to be so.,context,none,context: contributing condition of an error,2.5,all,,,,"[""https://www.tlctc.net"",""https://github.com/Barnes70/TLCTC/tree/main/mappings/veris"",""https://doi.org/10.5281/zenodo.20633176""]","note: contributing condition of an error; An honest mistake through inattention contributed to the error; errors carry no cluster, so the vector is recorded for the operational-risk register, not for classification.",TLCTC Project,2026-09-18,2026-09-18
231,veris,1.4.1,action.error,action.error.vector.Inadequate personnel,Inadequate or insufficient personnel,context,none,context: contributing condition of an error,2.5,all,,,,"[""https://www.tlctc.net"",""https://github.com/Barnes70/TLCTC/tree/main/mappings/veris"",""https://doi.org/10.5281/zenodo.20633176""]","note: contributing condition of an error; Insufficient staffing contributed to the error; errors carry no cluster, so the vector is recorded for the operational-risk register, not for classification.",TLCTC Project,2026-09-18,2026-09-18
232,veris,1.4.1,action.error,action.error.vector.Inadequate processes,Inadequate or insufficient processes,context,none,context: contributing condition of an error,2.5,all,,,,"[""https://www.tlctc.net"",""https://github.com/Barnes70/TLCTC/tree/main/mappings/veris"",""https://doi.org/10.5281/zenodo.20633176""]","note: contributing condition of an error; Insufficient or missing procedures contributed to the error; errors carry no cluster, so the vector is recorded for the operational-risk register, not for classification.",TLCTC Project,2026-09-18,2026-09-18
233,veris,1.4.1,action.error,action.error.vector.Inadequate technology,Inadequate or insufficient technology resources,context,none,context: contributing condition of an error,2.5,all,,,,"[""https://www.tlctc.net"",""https://github.com/Barnes70/TLCTC/tree/main/mappings/veris"",""https://doi.org/10.5281/zenodo.20633176""]","note: contributing condition of an error; Insufficient technical resources contributed to the error; errors carry no cluster, so the vector is recorded for the operational-risk register, not for classification.",TLCTC Project,2026-09-18,2026-09-18
234,veris,1.4.1,action.error,action.error.vector.Other,Other,context,none,context: contributing condition of an error,2.5,all,,,,"[""https://www.tlctc.net"",""https://github.com/Barnes70/TLCTC/tree/main/mappings/veris"",""https://doi.org/10.5281/zenodo.20633176""]","note: contributing condition of an error; A contributing condition outside the listed ones; errors carry no cluster, so the vector is recorded for the operational-risk register, not for classification.",TLCTC Project,2026-09-18,2026-09-18
235,veris,1.4.1,action.error,action.error.vector.Random error,"Random error (no reason, no fault)",context,none,context: contributing condition of an error,2.5,all,,,,"[""https://www.tlctc.net"",""https://github.com/Barnes70/TLCTC/tree/main/mappings/veris"",""https://doi.org/10.5281/zenodo.20633176""]","note: contributing condition of an error; No identifiable contributing condition; errors carry no cluster, so the vector is recorded for the operational-risk register, not for classification.",TLCTC Project,2026-09-18,2026-09-18
236,veris,1.4.1,action.error,action.error.vector.Web application,Web application,context,none,context: contributing condition of an error,2.5,all,,,,"[""https://www.tlctc.net"",""https://github.com/Barnes70/TLCTC/tree/main/mappings/veris"",""https://doi.org/10.5281/zenodo.20633176""]","note: contributing condition of an error; The error was made through a web application; errors carry no cluster, so the vector is recorded for the operational-risk register, not for classification.",TLCTC Project,2026-09-18,2026-09-18
237,veris,1.4.1,action.error,action.error.vector.Unknown,Unknown,context,none,context: contributing condition of an error,2.5,all,,,,"[""https://www.tlctc.net"",""https://github.com/Barnes70/TLCTC/tree/main/mappings/veris"",""https://doi.org/10.5281/zenodo.20633176""]","note: contributing condition of an error; The contributing condition was not recorded; errors carry no cluster, so the vector is recorded for the operational-risk register, not for classification.",TLCTC Project,2026-09-18,2026-09-18
238,veris,1.4.1,action.environmental,action.environmental.variety.Deterioration,Deterioration and degradation,no-cluster,none,operational risk: failure,2.5,all,,,,"[""https://www.tlctc.net"",""https://github.com/Barnes70/TLCTC/tree/main/mappings/veris"",""https://doi.org/10.5281/zenodo.20633176""]","partition row: failure; Axiom II; An external event without an actor ('Deterioration'): the Failure row of the cause-side partition, operational or continuity risk, no cluster. TLCTC scopes to interactions between systems and actors (Axiom II).",TLCTC Project,2026-09-18,2026-09-18
239,veris,1.4.1,action.environmental,action.environmental.variety.Earthquake,Earthquake,no-cluster,none,operational risk: failure,2.5,all,,,,"[""https://www.tlctc.net"",""https://github.com/Barnes70/TLCTC/tree/main/mappings/veris"",""https://doi.org/10.5281/zenodo.20633176""]","partition row: failure; Axiom II; An external event without an actor ('Earthquake'): the Failure row of the cause-side partition, operational or continuity risk, no cluster. TLCTC scopes to interactions between systems and actors (Axiom II).",TLCTC Project,2026-09-18,2026-09-18
240,veris,1.4.1,action.environmental,action.environmental.variety.EMI,Electromagnetic interference (EMI),no-cluster,none,operational risk: failure,2.5,all,,,,"[""https://www.tlctc.net"",""https://github.com/Barnes70/TLCTC/tree/main/mappings/veris"",""https://doi.org/10.5281/zenodo.20633176""]","partition row: failure; Axiom II; An external event without an actor ('EMI'): the Failure row of the cause-side partition, operational or continuity risk, no cluster. TLCTC scopes to interactions between systems and actors (Axiom II).",TLCTC Project,2026-09-18,2026-09-18
241,veris,1.4.1,action.environmental,action.environmental.variety.ESD,Electrostatic discharge (ESD),no-cluster,none,operational risk: failure,2.5,all,,,,"[""https://www.tlctc.net"",""https://github.com/Barnes70/TLCTC/tree/main/mappings/veris"",""https://doi.org/10.5281/zenodo.20633176""]","partition row: failure; Axiom II; An external event without an actor ('ESD'): the Failure row of the cause-side partition, operational or continuity risk, no cluster. TLCTC scopes to interactions between systems and actors (Axiom II).",TLCTC Project,2026-09-18,2026-09-18
242,veris,1.4.1,action.environmental,action.environmental.variety.Fire,Fire,no-cluster,none,operational risk: failure,2.5,all,,,,"[""https://www.tlctc.net"",""https://github.com/Barnes70/TLCTC/tree/main/mappings/veris"",""https://doi.org/10.5281/zenodo.20633176""]","partition row: failure; Axiom II; An external event without an actor ('Fire'): the Failure row of the cause-side partition, operational or continuity risk, no cluster. TLCTC scopes to interactions between systems and actors (Axiom II).",TLCTC Project,2026-09-18,2026-09-18
243,veris,1.4.1,action.environmental,action.environmental.variety.Flood,Flood,no-cluster,none,operational risk: failure,2.5,all,,,,"[""https://www.tlctc.net"",""https://github.com/Barnes70/TLCTC/tree/main/mappings/veris"",""https://doi.org/10.5281/zenodo.20633176""]","partition row: failure; Axiom II; An external event without an actor ('Flood'): the Failure row of the cause-side partition, operational or continuity risk, no cluster. TLCTC scopes to interactions between systems and actors (Axiom II).",TLCTC Project,2026-09-18,2026-09-18
244,veris,1.4.1,action.environmental,action.environmental.variety.Hazmat,Hazardous material,no-cluster,none,operational risk: failure,2.5,all,,,,"[""https://www.tlctc.net"",""https://github.com/Barnes70/TLCTC/tree/main/mappings/veris"",""https://doi.org/10.5281/zenodo.20633176""]","partition row: failure; Axiom II; An external event without an actor ('Hazmat'): the Failure row of the cause-side partition, operational or continuity risk, no cluster. TLCTC scopes to interactions between systems and actors (Axiom II).",TLCTC Project,2026-09-18,2026-09-18
245,veris,1.4.1,action.environmental,action.environmental.variety.Humidity,Humidity,no-cluster,none,operational risk: failure,2.5,all,,,,"[""https://www.tlctc.net"",""https://github.com/Barnes70/TLCTC/tree/main/mappings/veris"",""https://doi.org/10.5281/zenodo.20633176""]","partition row: failure; Axiom II; An external event without an actor ('Humidity'): the Failure row of the cause-side partition, operational or continuity risk, no cluster. TLCTC scopes to interactions between systems and actors (Axiom II).",TLCTC Project,2026-09-18,2026-09-18
246,veris,1.4.1,action.environmental,action.environmental.variety.Hurricane,Hurricane,no-cluster,none,operational risk: failure,2.5,all,,,,"[""https://www.tlctc.net"",""https://github.com/Barnes70/TLCTC/tree/main/mappings/veris"",""https://doi.org/10.5281/zenodo.20633176""]","partition row: failure; Axiom II; An external event without an actor ('Hurricane'): the Failure row of the cause-side partition, operational or continuity risk, no cluster. TLCTC scopes to interactions between systems and actors (Axiom II).",TLCTC Project,2026-09-18,2026-09-18
247,veris,1.4.1,action.environmental,action.environmental.variety.Ice,Ice and snow,no-cluster,none,operational risk: failure,2.5,all,,,,"[""https://www.tlctc.net"",""https://github.com/Barnes70/TLCTC/tree/main/mappings/veris"",""https://doi.org/10.5281/zenodo.20633176""]","partition row: failure; Axiom II; An external event without an actor ('Ice'): the Failure row of the cause-side partition, operational or continuity risk, no cluster. TLCTC scopes to interactions between systems and actors (Axiom II).",TLCTC Project,2026-09-18,2026-09-18
248,veris,1.4.1,action.environmental,action.environmental.variety.Landslide,Landslide,no-cluster,none,operational risk: failure,2.5,all,,,,"[""https://www.tlctc.net"",""https://github.com/Barnes70/TLCTC/tree/main/mappings/veris"",""https://doi.org/10.5281/zenodo.20633176""]","partition row: failure; Axiom II; An external event without an actor ('Landslide'): the Failure row of the cause-side partition, operational or continuity risk, no cluster. TLCTC scopes to interactions between systems and actors (Axiom II).",TLCTC Project,2026-09-18,2026-09-18
249,veris,1.4.1,action.environmental,action.environmental.variety.Leak,Water leak,no-cluster,none,operational risk: failure,2.5,all,,,,"[""https://www.tlctc.net"",""https://github.com/Barnes70/TLCTC/tree/main/mappings/veris"",""https://doi.org/10.5281/zenodo.20633176""]","partition row: failure; Axiom II; An external event without an actor ('Leak'): the Failure row of the cause-side partition, operational or continuity risk, no cluster. TLCTC scopes to interactions between systems and actors (Axiom II).",TLCTC Project,2026-09-18,2026-09-18
250,veris,1.4.1,action.environmental,action.environmental.variety.Lightning,Lightning,no-cluster,none,operational risk: failure,2.5,all,,,,"[""https://www.tlctc.net"",""https://github.com/Barnes70/TLCTC/tree/main/mappings/veris"",""https://doi.org/10.5281/zenodo.20633176""]","partition row: failure; Axiom II; An external event without an actor ('Lightning'): the Failure row of the cause-side partition, operational or continuity risk, no cluster. TLCTC scopes to interactions between systems and actors (Axiom II).",TLCTC Project,2026-09-18,2026-09-18
251,veris,1.4.1,action.environmental,action.environmental.variety.Meteorite,Meteorite,no-cluster,none,operational risk: failure,2.5,all,,,,"[""https://www.tlctc.net"",""https://github.com/Barnes70/TLCTC/tree/main/mappings/veris"",""https://doi.org/10.5281/zenodo.20633176""]","partition row: failure; Axiom II; An external event without an actor ('Meteorite'): the Failure row of the cause-side partition, operational or continuity risk, no cluster. TLCTC scopes to interactions between systems and actors (Axiom II).",TLCTC Project,2026-09-18,2026-09-18
252,veris,1.4.1,action.environmental,action.environmental.variety.Particulates,"Particulate matter (e.g., dust, smoke)",no-cluster,none,operational risk: failure,2.5,all,,,,"[""https://www.tlctc.net"",""https://github.com/Barnes70/TLCTC/tree/main/mappings/veris"",""https://doi.org/10.5281/zenodo.20633176""]","partition row: failure; Axiom II; An external event without an actor ('Particulates'): the Failure row of the cause-side partition, operational or continuity risk, no cluster. TLCTC scopes to interactions between systems and actors (Axiom II).",TLCTC Project,2026-09-18,2026-09-18
253,veris,1.4.1,action.environmental,action.environmental.variety.Pathogen,Pathogen,no-cluster,none,operational risk: failure,2.5,all,,,,"[""https://www.tlctc.net"",""https://github.com/Barnes70/TLCTC/tree/main/mappings/veris"",""https://doi.org/10.5281/zenodo.20633176""]","partition row: failure; Axiom II; An external event without an actor ('Pathogen'): the Failure row of the cause-side partition, operational or continuity risk, no cluster. TLCTC scopes to interactions between systems and actors (Axiom II).",TLCTC Project,2026-09-18,2026-09-18
254,veris,1.4.1,action.environmental,action.environmental.variety.Power failure,Power failure or fluctuation,no-cluster,none,operational risk: failure,2.5,all,,,,"[""https://www.tlctc.net"",""https://github.com/Barnes70/TLCTC/tree/main/mappings/veris"",""https://doi.org/10.5281/zenodo.20633176""]","partition row: failure; Axiom II; An external event without an actor ('Power failure'): the Failure row of the cause-side partition, operational or continuity risk, no cluster. TLCTC scopes to interactions between systems and actors (Axiom II).",TLCTC Project,2026-09-18,2026-09-18
255,veris,1.4.1,action.environmental,action.environmental.variety.Temperature,Extreme temperature,no-cluster,none,operational risk: failure,2.5,all,,,,"[""https://www.tlctc.net"",""https://github.com/Barnes70/TLCTC/tree/main/mappings/veris"",""https://doi.org/10.5281/zenodo.20633176""]","partition row: failure; Axiom II; An external event without an actor ('Temperature'): the Failure row of the cause-side partition, operational or continuity risk, no cluster. TLCTC scopes to interactions between systems and actors (Axiom II).",TLCTC Project,2026-09-18,2026-09-18
256,veris,1.4.1,action.environmental,action.environmental.variety.Tornado,Tornado,no-cluster,none,operational risk: failure,2.5,all,,,,"[""https://www.tlctc.net"",""https://github.com/Barnes70/TLCTC/tree/main/mappings/veris"",""https://doi.org/10.5281/zenodo.20633176""]","partition row: failure; Axiom II; An external event without an actor ('Tornado'): the Failure row of the cause-side partition, operational or continuity risk, no cluster. TLCTC scopes to interactions between systems and actors (Axiom II).",TLCTC Project,2026-09-18,2026-09-18
257,veris,1.4.1,action.environmental,action.environmental.variety.Tsunami,Tsunami,no-cluster,none,operational risk: failure,2.5,all,,,,"[""https://www.tlctc.net"",""https://github.com/Barnes70/TLCTC/tree/main/mappings/veris"",""https://doi.org/10.5281/zenodo.20633176""]","partition row: failure; Axiom II; An external event without an actor ('Tsunami'): the Failure row of the cause-side partition, operational or continuity risk, no cluster. TLCTC scopes to interactions between systems and actors (Axiom II).",TLCTC Project,2026-09-18,2026-09-18
258,veris,1.4.1,action.environmental,action.environmental.variety.Vermin,Vermin,no-cluster,none,operational risk: failure,2.5,all,,,,"[""https://www.tlctc.net"",""https://github.com/Barnes70/TLCTC/tree/main/mappings/veris"",""https://doi.org/10.5281/zenodo.20633176""]","partition row: failure; Axiom II; An external event without an actor ('Vermin'): the Failure row of the cause-side partition, operational or continuity risk, no cluster. TLCTC scopes to interactions between systems and actors (Axiom II).",TLCTC Project,2026-09-18,2026-09-18
259,veris,1.4.1,action.environmental,action.environmental.variety.Volcano,Volcanic eruption,no-cluster,none,operational risk: failure,2.5,all,,,,"[""https://www.tlctc.net"",""https://github.com/Barnes70/TLCTC/tree/main/mappings/veris"",""https://doi.org/10.5281/zenodo.20633176""]","partition row: failure; Axiom II; An external event without an actor ('Volcano'): the Failure row of the cause-side partition, operational or continuity risk, no cluster. TLCTC scopes to interactions between systems and actors (Axiom II).",TLCTC Project,2026-09-18,2026-09-18
260,veris,1.4.1,action.environmental,action.environmental.variety.Wind,Wind,no-cluster,none,operational risk: failure,2.5,all,,,,"[""https://www.tlctc.net"",""https://github.com/Barnes70/TLCTC/tree/main/mappings/veris"",""https://doi.org/10.5281/zenodo.20633176""]","partition row: failure; Axiom II; An external event without an actor ('Wind'): the Failure row of the cause-side partition, operational or continuity risk, no cluster. TLCTC scopes to interactions between systems and actors (Axiom II).",TLCTC Project,2026-09-18,2026-09-18
261,veris,1.4.1,action.environmental,action.environmental.variety.Other,Other,no-cluster,none,operational risk: failure,2.5,all,,,,"[""https://www.tlctc.net"",""https://github.com/Barnes70/TLCTC/tree/main/mappings/veris"",""https://doi.org/10.5281/zenodo.20633176""]","partition row: failure; Axiom II; An external event without an actor ('Other'): the Failure row of the cause-side partition, operational or continuity risk, no cluster. TLCTC scopes to interactions between systems and actors (Axiom II).",TLCTC Project,2026-09-18,2026-09-18
262,veris,1.4.1,action.environmental,action.environmental.variety.Unknown,Unknown,no-cluster,none,operational risk: failure,2.5,all,,,,"[""https://www.tlctc.net"",""https://github.com/Barnes70/TLCTC/tree/main/mappings/veris"",""https://doi.org/10.5281/zenodo.20633176""]","partition row: failure; Axiom II; An external event without an actor ('Unknown'): the Failure row of the cause-side partition, operational or continuity risk, no cluster. TLCTC scopes to interactions between systems and actors (Axiom II).",TLCTC Project,2026-09-18,2026-09-18
263,veris,1.4.1,action.hacking,action.hacking.result.Infiltrate,The hacking action resulted in additional security access,outcome,none,outcome (Axiom III),2.5,all,,,,"[""https://www.tlctc.net"",""https://github.com/Barnes70/TLCTC/tree/main/mappings/veris"",""https://doi.org/10.5281/zenodo.20633176""]","'Infiltrate' describes what the hacking action achieved, not the generic vulnerability it exploited; outcomes are not classification inputs (Axiom III).",TLCTC Project,2026-09-18,2026-09-18
264,veris,1.4.1,action.hacking,action.hacking.result.Exfiltrate,The hacking action exfiltrated data from the victim,outcome,none,outcome (Axiom III),2.5,all,,,,"[""https://www.tlctc.net"",""https://github.com/Barnes70/TLCTC/tree/main/mappings/veris"",""https://doi.org/10.5281/zenodo.20633176""]","'Exfiltrate' describes what the hacking action achieved, not the generic vulnerability it exploited; outcomes are not classification inputs (Axiom III).",TLCTC Project,2026-09-18,2026-09-18
265,veris,1.4.1,action.hacking,action.hacking.result.Elevate,The hacking action resulted in additional security permissions,outcome,none,outcome (Axiom III),2.5,all,,,,"[""https://www.tlctc.net"",""https://github.com/Barnes70/TLCTC/tree/main/mappings/veris"",""https://doi.org/10.5281/zenodo.20633176""]","'Elevate' describes what the hacking action achieved, not the generic vulnerability it exploited; outcomes are not classification inputs (Axiom III).",TLCTC Project,2026-09-18,2026-09-18
266,veris,1.4.1,action.hacking,action.hacking.result.Lateral movement,The hacking action used security access or permissions already acuired,outcome,none,outcome (Axiom III),2.5,all,,,,"[""https://www.tlctc.net"",""https://github.com/Barnes70/TLCTC/tree/main/mappings/veris"",""https://doi.org/10.5281/zenodo.20633176""]","'Lateral movement' describes what the hacking action achieved, not the generic vulnerability it exploited; outcomes are not classification inputs (Axiom III).",TLCTC Project,2026-09-18,2026-09-18
267,veris,1.4.1,action.hacking,action.hacking.result.Deploy payload,"e.g. cryptomining, ransomware, etc",outcome,none,outcome (Axiom III),2.5,all,,,,"[""https://www.tlctc.net"",""https://github.com/Barnes70/TLCTC/tree/main/mappings/veris"",""https://doi.org/10.5281/zenodo.20633176""]","'Deploy payload' describes what the hacking action achieved, not the generic vulnerability it exploited; outcomes are not classification inputs (Axiom III).",TLCTC Project,2026-09-18,2026-09-18
268,veris,1.4.1,action.hacking,action.hacking.result.Persist,The action resulted in some form of persistence on the system,outcome,none,outcome (Axiom III),2.5,all,,,,"[""https://www.tlctc.net"",""https://github.com/Barnes70/TLCTC/tree/main/mappings/veris"",""https://doi.org/10.5281/zenodo.20633176""]","'Persist' describes what the hacking action achieved, not the generic vulnerability it exploited; outcomes are not classification inputs (Axiom III).",TLCTC Project,2026-09-18,2026-09-18
269,veris,1.4.1,action.hacking,action.hacking.result.Other,The result of the hacking action is not listed,outcome,none,outcome (Axiom III),2.5,all,,,,"[""https://www.tlctc.net"",""https://github.com/Barnes70/TLCTC/tree/main/mappings/veris"",""https://doi.org/10.5281/zenodo.20633176""]","'Other' describes what the hacking action achieved, not the generic vulnerability it exploited; outcomes are not classification inputs (Axiom III).",TLCTC Project,2026-09-18,2026-09-18
270,veris,1.4.1,action.hacking,action.hacking.result.Unknown,The result of the hacking action is unknown,outcome,none,outcome (Axiom III),2.5,all,,,,"[""https://www.tlctc.net"",""https://github.com/Barnes70/TLCTC/tree/main/mappings/veris"",""https://doi.org/10.5281/zenodo.20633176""]","'Unknown' describes what the hacking action achieved, not the generic vulnerability it exploited; outcomes are not classification inputs (Axiom III).",TLCTC Project,2026-09-18,2026-09-18
271,veris,1.4.1,action.hacking,action.hacking.result.NA,The hacking action did not have a result,outcome,none,outcome (Axiom III),2.5,all,,,,"[""https://www.tlctc.net"",""https://github.com/Barnes70/TLCTC/tree/main/mappings/veris"",""https://doi.org/10.5281/zenodo.20633176""]","'NA' describes what the hacking action achieved, not the generic vulnerability it exploited; outcomes are not classification inputs (Axiom III).",TLCTC Project,2026-09-18,2026-09-18
272,veris,1.4.1,action.malware,action.malware.result.Infiltrate,The malware action resulted in additional security access,outcome,none,outcome (Axiom III),2.5,all,,,,"[""https://www.tlctc.net"",""https://github.com/Barnes70/TLCTC/tree/main/mappings/veris"",""https://doi.org/10.5281/zenodo.20633176""]","'Infiltrate' describes what the malware action achieved, not the generic vulnerability it exploited; outcomes are not classification inputs (Axiom III).",TLCTC Project,2026-09-18,2026-09-18
273,veris,1.4.1,action.malware,action.malware.result.Exfiltrate,The malware action exfiltrated data from the victim,outcome,none,outcome (Axiom III),2.5,all,,,,"[""https://www.tlctc.net"",""https://github.com/Barnes70/TLCTC/tree/main/mappings/veris"",""https://doi.org/10.5281/zenodo.20633176""]","'Exfiltrate' describes what the malware action achieved, not the generic vulnerability it exploited; outcomes are not classification inputs (Axiom III).",TLCTC Project,2026-09-18,2026-09-18
274,veris,1.4.1,action.malware,action.malware.result.Elevate,The malware action resulted in additional security permissions,outcome,none,outcome (Axiom III),2.5,all,,,,"[""https://www.tlctc.net"",""https://github.com/Barnes70/TLCTC/tree/main/mappings/veris"",""https://doi.org/10.5281/zenodo.20633176""]","'Elevate' describes what the malware action achieved, not the generic vulnerability it exploited; outcomes are not classification inputs (Axiom III).",TLCTC Project,2026-09-18,2026-09-18
275,veris,1.4.1,action.malware,action.malware.result.Lateral movement,The malware action used security access or permissions already acuired,outcome,none,outcome (Axiom III),2.5,all,,,,"[""https://www.tlctc.net"",""https://github.com/Barnes70/TLCTC/tree/main/mappings/veris"",""https://doi.org/10.5281/zenodo.20633176""]","'Lateral movement' describes what the malware action achieved, not the generic vulnerability it exploited; outcomes are not classification inputs (Axiom III).",TLCTC Project,2026-09-18,2026-09-18
276,veris,1.4.1,action.malware,action.malware.result.Deploy payload,"e.g. cryptomining, ransomware, etc",outcome,none,outcome (Axiom III),2.5,all,,,,"[""https://www.tlctc.net"",""https://github.com/Barnes70/TLCTC/tree/main/mappings/veris"",""https://doi.org/10.5281/zenodo.20633176""]","'Deploy payload' describes what the malware action achieved, not the generic vulnerability it exploited; outcomes are not classification inputs (Axiom III).",TLCTC Project,2026-09-18,2026-09-18
277,veris,1.4.1,action.malware,action.malware.result.Persist,The action resulted in some form of persistence on the system,outcome,none,outcome (Axiom III),2.5,all,,,,"[""https://www.tlctc.net"",""https://github.com/Barnes70/TLCTC/tree/main/mappings/veris"",""https://doi.org/10.5281/zenodo.20633176""]","'Persist' describes what the malware action achieved, not the generic vulnerability it exploited; outcomes are not classification inputs (Axiom III).",TLCTC Project,2026-09-18,2026-09-18
278,veris,1.4.1,action.malware,action.malware.result.Other,The result of the malware action is not listed,outcome,none,outcome (Axiom III),2.5,all,,,,"[""https://www.tlctc.net"",""https://github.com/Barnes70/TLCTC/tree/main/mappings/veris"",""https://doi.org/10.5281/zenodo.20633176""]","'Other' describes what the malware action achieved, not the generic vulnerability it exploited; outcomes are not classification inputs (Axiom III).",TLCTC Project,2026-09-18,2026-09-18
279,veris,1.4.1,action.malware,action.malware.result.Unknown,The result of the malware action is unknown,outcome,none,outcome (Axiom III),2.5,all,,,,"[""https://www.tlctc.net"",""https://github.com/Barnes70/TLCTC/tree/main/mappings/veris"",""https://doi.org/10.5281/zenodo.20633176""]","'Unknown' describes what the malware action achieved, not the generic vulnerability it exploited; outcomes are not classification inputs (Axiom III).",TLCTC Project,2026-09-18,2026-09-18
280,veris,1.4.1,action.malware,action.malware.result.NA,The malware action did not have a result,outcome,none,outcome (Axiom III),2.5,all,,,,"[""https://www.tlctc.net"",""https://github.com/Barnes70/TLCTC/tree/main/mappings/veris"",""https://doi.org/10.5281/zenodo.20633176""]","'NA' describes what the malware action achieved, not the generic vulnerability it exploited; outcomes are not classification inputs (Axiom III).",TLCTC Project,2026-09-18,2026-09-18
281,veris,1.4.1,action.social,action.social.result.Infiltrate,The social action resulted in additional security access,outcome,none,outcome (Axiom III),2.5,all,,,,"[""https://www.tlctc.net"",""https://github.com/Barnes70/TLCTC/tree/main/mappings/veris"",""https://doi.org/10.5281/zenodo.20633176""]","'Infiltrate' describes what the social action achieved, not the generic vulnerability it exploited; outcomes are not classification inputs (Axiom III).",TLCTC Project,2026-09-18,2026-09-18
282,veris,1.4.1,action.social,action.social.result.Exfiltrate,The social action exfiltrated data from the victim,outcome,none,outcome (Axiom III),2.5,all,,,,"[""https://www.tlctc.net"",""https://github.com/Barnes70/TLCTC/tree/main/mappings/veris"",""https://doi.org/10.5281/zenodo.20633176""]","'Exfiltrate' describes what the social action achieved, not the generic vulnerability it exploited; outcomes are not classification inputs (Axiom III).",TLCTC Project,2026-09-18,2026-09-18
283,veris,1.4.1,action.social,action.social.result.Elevate,The social action resulted in additional security permissions,outcome,none,outcome (Axiom III),2.5,all,,,,"[""https://www.tlctc.net"",""https://github.com/Barnes70/TLCTC/tree/main/mappings/veris"",""https://doi.org/10.5281/zenodo.20633176""]","'Elevate' describes what the social action achieved, not the generic vulnerability it exploited; outcomes are not classification inputs (Axiom III).",TLCTC Project,2026-09-18,2026-09-18
284,veris,1.4.1,action.social,action.social.result.Lateral movement,The social action used security access or permissions already acuired,outcome,none,outcome (Axiom III),2.5,all,,,,"[""https://www.tlctc.net"",""https://github.com/Barnes70/TLCTC/tree/main/mappings/veris"",""https://doi.org/10.5281/zenodo.20633176""]","'Lateral movement' describes what the social action achieved, not the generic vulnerability it exploited; outcomes are not classification inputs (Axiom III).",TLCTC Project,2026-09-18,2026-09-18
285,veris,1.4.1,action.social,action.social.result.Deploy payload,"e.g. cryptomining, ransomware, etc",outcome,none,outcome (Axiom III),2.5,all,,,,"[""https://www.tlctc.net"",""https://github.com/Barnes70/TLCTC/tree/main/mappings/veris"",""https://doi.org/10.5281/zenodo.20633176""]","'Deploy payload' describes what the social action achieved, not the generic vulnerability it exploited; outcomes are not classification inputs (Axiom III).",TLCTC Project,2026-09-18,2026-09-18
286,veris,1.4.1,action.social,action.social.result.Persist,The action resulted in some form of persistence on the system,outcome,none,outcome (Axiom III),2.5,all,,,,"[""https://www.tlctc.net"",""https://github.com/Barnes70/TLCTC/tree/main/mappings/veris"",""https://doi.org/10.5281/zenodo.20633176""]","'Persist' describes what the social action achieved, not the generic vulnerability it exploited; outcomes are not classification inputs (Axiom III).",TLCTC Project,2026-09-18,2026-09-18
287,veris,1.4.1,action.social,action.social.result.Other,The result of the social action is not listed,outcome,none,outcome (Axiom III),2.5,all,,,,"[""https://www.tlctc.net"",""https://github.com/Barnes70/TLCTC/tree/main/mappings/veris"",""https://doi.org/10.5281/zenodo.20633176""]","'Other' describes what the social action achieved, not the generic vulnerability it exploited; outcomes are not classification inputs (Axiom III).",TLCTC Project,2026-09-18,2026-09-18
288,veris,1.4.1,action.social,action.social.result.Unknown,The result of the social action is unknown,outcome,none,outcome (Axiom III),2.5,all,,,,"[""https://www.tlctc.net"",""https://github.com/Barnes70/TLCTC/tree/main/mappings/veris"",""https://doi.org/10.5281/zenodo.20633176""]","'Unknown' describes what the social action achieved, not the generic vulnerability it exploited; outcomes are not classification inputs (Axiom III).",TLCTC Project,2026-09-18,2026-09-18
289,veris,1.4.1,action.social,action.social.result.NA,The social action did not have a result,outcome,none,outcome (Axiom III),2.5,all,,,,"[""https://www.tlctc.net"",""https://github.com/Barnes70/TLCTC/tree/main/mappings/veris"",""https://doi.org/10.5281/zenodo.20633176""]","'NA' describes what the social action achieved, not the generic vulnerability it exploited; outcomes are not classification inputs (Axiom III).",TLCTC Project,2026-09-18,2026-09-18
290,veris,1.4.1,action.misuse,action.misuse.result.Infiltrate,Do not use. Misuse inherently implies having permission so none can be gained.,outcome,none,outcome (Axiom III),2.5,all,,,,"[""https://www.tlctc.net"",""https://github.com/Barnes70/TLCTC/tree/main/mappings/veris"",""https://doi.org/10.5281/zenodo.20633176""]","'Infiltrate' describes what the misuse action achieved, not the generic vulnerability it exploited; outcomes are not classification inputs (Axiom III).",TLCTC Project,2026-09-18,2026-09-18
291,veris,1.4.1,action.misuse,action.misuse.result.Exfiltrate,The misuse action exfiltrated data from the victim,outcome,none,outcome (Axiom III),2.5,all,,,,"[""https://www.tlctc.net"",""https://github.com/Barnes70/TLCTC/tree/main/mappings/veris"",""https://doi.org/10.5281/zenodo.20633176""]","'Exfiltrate' describes what the misuse action achieved, not the generic vulnerability it exploited; outcomes are not classification inputs (Axiom III).",TLCTC Project,2026-09-18,2026-09-18
292,veris,1.4.1,action.misuse,action.misuse.result.Elevate,Do not use. Misuse inherently implies having permission so none can be elevated.,outcome,none,outcome (Axiom III),2.5,all,,,,"[""https://www.tlctc.net"",""https://github.com/Barnes70/TLCTC/tree/main/mappings/veris"",""https://doi.org/10.5281/zenodo.20633176""]","'Elevate' describes what the misuse action achieved, not the generic vulnerability it exploited; outcomes are not classification inputs (Axiom III).",TLCTC Project,2026-09-18,2026-09-18
293,veris,1.4.1,action.misuse,action.misuse.result.Lateral movement,The misuse action used security access or permissions already acuired,outcome,none,outcome (Axiom III),2.5,all,,,,"[""https://www.tlctc.net"",""https://github.com/Barnes70/TLCTC/tree/main/mappings/veris"",""https://doi.org/10.5281/zenodo.20633176""]","'Lateral movement' describes what the misuse action achieved, not the generic vulnerability it exploited; outcomes are not classification inputs (Axiom III).",TLCTC Project,2026-09-18,2026-09-18
294,veris,1.4.1,action.misuse,action.misuse.result.Deploy payload,"e.g. cryptomining, ransomware, etc",outcome,none,outcome (Axiom III),2.5,all,,,,"[""https://www.tlctc.net"",""https://github.com/Barnes70/TLCTC/tree/main/mappings/veris"",""https://doi.org/10.5281/zenodo.20633176""]","'Deploy payload' describes what the misuse action achieved, not the generic vulnerability it exploited; outcomes are not classification inputs (Axiom III).",TLCTC Project,2026-09-18,2026-09-18
295,veris,1.4.1,action.misuse,action.misuse.result.Persist,The action resulted in some form of persistence on the system,outcome,none,outcome (Axiom III),2.5,all,,,,"[""https://www.tlctc.net"",""https://github.com/Barnes70/TLCTC/tree/main/mappings/veris"",""https://doi.org/10.5281/zenodo.20633176""]","'Persist' describes what the misuse action achieved, not the generic vulnerability it exploited; outcomes are not classification inputs (Axiom III).",TLCTC Project,2026-09-18,2026-09-18
296,veris,1.4.1,action.misuse,action.misuse.result.Other,The result of the misuse action is not listed,outcome,none,outcome (Axiom III),2.5,all,,,,"[""https://www.tlctc.net"",""https://github.com/Barnes70/TLCTC/tree/main/mappings/veris"",""https://doi.org/10.5281/zenodo.20633176""]","'Other' describes what the misuse action achieved, not the generic vulnerability it exploited; outcomes are not classification inputs (Axiom III).",TLCTC Project,2026-09-18,2026-09-18
297,veris,1.4.1,action.misuse,action.misuse.result.Unknown,The result of the misuse action is unknown,outcome,none,outcome (Axiom III),2.5,all,,,,"[""https://www.tlctc.net"",""https://github.com/Barnes70/TLCTC/tree/main/mappings/veris"",""https://doi.org/10.5281/zenodo.20633176""]","'Unknown' describes what the misuse action achieved, not the generic vulnerability it exploited; outcomes are not classification inputs (Axiom III).",TLCTC Project,2026-09-18,2026-09-18
298,veris,1.4.1,action.misuse,action.misuse.result.NA,The misuse action did not have a result,outcome,none,outcome (Axiom III),2.5,all,,,,"[""https://www.tlctc.net"",""https://github.com/Barnes70/TLCTC/tree/main/mappings/veris"",""https://doi.org/10.5281/zenodo.20633176""]","'NA' describes what the misuse action achieved, not the generic vulnerability it exploited; outcomes are not classification inputs (Axiom III).",TLCTC Project,2026-09-18,2026-09-18
299,veris,1.4.1,action.physical,action.physical.result.Infiltrate,The physical action resulted in additional security access,outcome,none,outcome (Axiom III),2.5,all,,,,"[""https://www.tlctc.net"",""https://github.com/Barnes70/TLCTC/tree/main/mappings/veris"",""https://doi.org/10.5281/zenodo.20633176""]","'Infiltrate' describes what the physical action achieved, not the generic vulnerability it exploited; outcomes are not classification inputs (Axiom III).",TLCTC Project,2026-09-18,2026-09-18
300,veris,1.4.1,action.physical,action.physical.result.Exfiltrate,The physical action exfiltrated data from the victim,outcome,none,outcome (Axiom III),2.5,all,,,,"[""https://www.tlctc.net"",""https://github.com/Barnes70/TLCTC/tree/main/mappings/veris"",""https://doi.org/10.5281/zenodo.20633176""]","'Exfiltrate' describes what the physical action achieved, not the generic vulnerability it exploited; outcomes are not classification inputs (Axiom III).",TLCTC Project,2026-09-18,2026-09-18
301,veris,1.4.1,action.physical,action.physical.result.Elevate,The physical action resulted in additional security permissions,outcome,none,outcome (Axiom III),2.5,all,,,,"[""https://www.tlctc.net"",""https://github.com/Barnes70/TLCTC/tree/main/mappings/veris"",""https://doi.org/10.5281/zenodo.20633176""]","'Elevate' describes what the physical action achieved, not the generic vulnerability it exploited; outcomes are not classification inputs (Axiom III).",TLCTC Project,2026-09-18,2026-09-18
302,veris,1.4.1,action.physical,action.physical.result.Lateral movement,The physical action used security access or permissions already acuired,outcome,none,outcome (Axiom III),2.5,all,,,,"[""https://www.tlctc.net"",""https://github.com/Barnes70/TLCTC/tree/main/mappings/veris"",""https://doi.org/10.5281/zenodo.20633176""]","'Lateral movement' describes what the physical action achieved, not the generic vulnerability it exploited; outcomes are not classification inputs (Axiom III).",TLCTC Project,2026-09-18,2026-09-18
303,veris,1.4.1,action.physical,action.physical.result.Deploy payload,"e.g. cryptomining, ransomware, etc",outcome,none,outcome (Axiom III),2.5,all,,,,"[""https://www.tlctc.net"",""https://github.com/Barnes70/TLCTC/tree/main/mappings/veris"",""https://doi.org/10.5281/zenodo.20633176""]","'Deploy payload' describes what the physical action achieved, not the generic vulnerability it exploited; outcomes are not classification inputs (Axiom III).",TLCTC Project,2026-09-18,2026-09-18
304,veris,1.4.1,action.physical,action.physical.result.Persist,The action resulted in some form of persistence on the system,outcome,none,outcome (Axiom III),2.5,all,,,,"[""https://www.tlctc.net"",""https://github.com/Barnes70/TLCTC/tree/main/mappings/veris"",""https://doi.org/10.5281/zenodo.20633176""]","'Persist' describes what the physical action achieved, not the generic vulnerability it exploited; outcomes are not classification inputs (Axiom III).",TLCTC Project,2026-09-18,2026-09-18
305,veris,1.4.1,action.physical,action.physical.result.Other,The result of the physical action is not listed,outcome,none,outcome (Axiom III),2.5,all,,,,"[""https://www.tlctc.net"",""https://github.com/Barnes70/TLCTC/tree/main/mappings/veris"",""https://doi.org/10.5281/zenodo.20633176""]","'Other' describes what the physical action achieved, not the generic vulnerability it exploited; outcomes are not classification inputs (Axiom III).",TLCTC Project,2026-09-18,2026-09-18
306,veris,1.4.1,action.physical,action.physical.result.Unknown,The result of the physical action is unknown,outcome,none,outcome (Axiom III),2.5,all,,,,"[""https://www.tlctc.net"",""https://github.com/Barnes70/TLCTC/tree/main/mappings/veris"",""https://doi.org/10.5281/zenodo.20633176""]","'Unknown' describes what the physical action achieved, not the generic vulnerability it exploited; outcomes are not classification inputs (Axiom III).",TLCTC Project,2026-09-18,2026-09-18
307,veris,1.4.1,action.physical,action.physical.result.NA,The physical action did not have a result,outcome,none,outcome (Axiom III),2.5,all,,,,"[""https://www.tlctc.net"",""https://github.com/Barnes70/TLCTC/tree/main/mappings/veris"",""https://doi.org/10.5281/zenodo.20633176""]","'NA' describes what the physical action achieved, not the generic vulnerability it exploited; outcomes are not classification inputs (Axiom III).",TLCTC Project,2026-09-18,2026-09-18
308,veris,1.4.1,action.unknown,action.unknown.result.Infiltrate,The environmental action resulted in additional security access,outcome,none,outcome (Axiom III),2.5,all,,,,"[""https://www.tlctc.net"",""https://github.com/Barnes70/TLCTC/tree/main/mappings/veris"",""https://doi.org/10.5281/zenodo.20633176""]","'Infiltrate' describes what the unknown action achieved, not the generic vulnerability it exploited; outcomes are not classification inputs (Axiom III).",TLCTC Project,2026-09-18,2026-09-18
309,veris,1.4.1,action.unknown,action.unknown.result.Exfiltrate,The environmental action exfiltrated data from the victim,outcome,none,outcome (Axiom III),2.5,all,,,,"[""https://www.tlctc.net"",""https://github.com/Barnes70/TLCTC/tree/main/mappings/veris"",""https://doi.org/10.5281/zenodo.20633176""]","'Exfiltrate' describes what the unknown action achieved, not the generic vulnerability it exploited; outcomes are not classification inputs (Axiom III).",TLCTC Project,2026-09-18,2026-09-18
310,veris,1.4.1,action.unknown,action.unknown.result.Elevate,The environmental action resulted in additional security permissions,outcome,none,outcome (Axiom III),2.5,all,,,,"[""https://www.tlctc.net"",""https://github.com/Barnes70/TLCTC/tree/main/mappings/veris"",""https://doi.org/10.5281/zenodo.20633176""]","'Elevate' describes what the unknown action achieved, not the generic vulnerability it exploited; outcomes are not classification inputs (Axiom III).",TLCTC Project,2026-09-18,2026-09-18
311,veris,1.4.1,action.unknown,action.unknown.result.Lateral movement,The environmental action used security access or permissions already acuired,outcome,none,outcome (Axiom III),2.5,all,,,,"[""https://www.tlctc.net"",""https://github.com/Barnes70/TLCTC/tree/main/mappings/veris"",""https://doi.org/10.5281/zenodo.20633176""]","'Lateral movement' describes what the unknown action achieved, not the generic vulnerability it exploited; outcomes are not classification inputs (Axiom III).",TLCTC Project,2026-09-18,2026-09-18
312,veris,1.4.1,action.unknown,action.unknown.result.Deploy payload,"e.g. cryptomining, ransomware, etc",outcome,none,outcome (Axiom III),2.5,all,,,,"[""https://www.tlctc.net"",""https://github.com/Barnes70/TLCTC/tree/main/mappings/veris"",""https://doi.org/10.5281/zenodo.20633176""]","'Deploy payload' describes what the unknown action achieved, not the generic vulnerability it exploited; outcomes are not classification inputs (Axiom III).",TLCTC Project,2026-09-18,2026-09-18
313,veris,1.4.1,action.unknown,action.unknown.result.Persist,The action resulted in some form of persistence on the system,outcome,none,outcome (Axiom III),2.5,all,,,,"[""https://www.tlctc.net"",""https://github.com/Barnes70/TLCTC/tree/main/mappings/veris"",""https://doi.org/10.5281/zenodo.20633176""]","'Persist' describes what the unknown action achieved, not the generic vulnerability it exploited; outcomes are not classification inputs (Axiom III).",TLCTC Project,2026-09-18,2026-09-18
314,veris,1.4.1,action.unknown,action.unknown.result.Other,The result of the environmental action is not listed,outcome,none,outcome (Axiom III),2.5,all,,,,"[""https://www.tlctc.net"",""https://github.com/Barnes70/TLCTC/tree/main/mappings/veris"",""https://doi.org/10.5281/zenodo.20633176""]","'Other' describes what the unknown action achieved, not the generic vulnerability it exploited; outcomes are not classification inputs (Axiom III).",TLCTC Project,2026-09-18,2026-09-18
315,veris,1.4.1,action.unknown,action.unknown.result.Unknown,The result of the environmental action is unknown,outcome,none,outcome (Axiom III),2.5,all,,,,"[""https://www.tlctc.net"",""https://github.com/Barnes70/TLCTC/tree/main/mappings/veris"",""https://doi.org/10.5281/zenodo.20633176""]","'Unknown' describes what the unknown action achieved, not the generic vulnerability it exploited; outcomes are not classification inputs (Axiom III).",TLCTC Project,2026-09-18,2026-09-18
316,veris,1.4.1,action.unknown,action.unknown.result.NA,The environmental action did not have a result,outcome,none,outcome (Axiom III),2.5,all,,,,"[""https://www.tlctc.net"",""https://github.com/Barnes70/TLCTC/tree/main/mappings/veris"",""https://doi.org/10.5281/zenodo.20633176""]","'NA' describes what the unknown action achieved, not the generic vulnerability it exploited; outcomes are not classification inputs (Axiom III).",TLCTC Project,2026-09-18,2026-09-18
317,veris,1.4.1,action.unknown,action.unknown,Action category not recorded,unresolved,none,unresolved (R-UNRES-2),2.5,all,,,,"[""https://www.tlctc.net"",""https://github.com/Barnes70/TLCTC/tree/main/mappings/veris"",""https://doi.org/10.5281/zenodo.20633176""]","The record says something happened without naming even the action category; an unresolved step (?) in TLCTC notation, excluded from cluster statistics (R-UNRES-3).",TLCTC Project,2026-09-18,2026-09-18
318,veris,1.4.1,attribute.confidentiality,attribute.confidentiality.data_disclosure.No,No,outcome,none,outcome (Axiom III),2.5,all,,,,"[""https://www.tlctc.net"",""https://github.com/Barnes70/TLCTC/tree/main/mappings/veris"",""https://doi.org/10.5281/zenodo.20633176""]",No disclosure: no Data Risk Event on the confidentiality property.,TLCTC Project,2026-09-18,2026-09-18
319,veris,1.4.1,attribute.confidentiality,attribute.confidentiality.data_disclosure.Potentially,Potentially (at risk),outcome,C,DRE: Loss of Confidentiality,2.5,all,,,,"[""https://www.tlctc.net"",""https://github.com/Barnes70/TLCTC/tree/main/mappings/veris"",""https://doi.org/10.5281/zenodo.20633176""]",DRE C; certainty: potential; Data was at risk but disclosure is not confirmed: recorded as a potential Data Risk Event C.,TLCTC Project,2026-09-18,2026-09-18
320,veris,1.4.1,attribute.confidentiality,attribute.confidentiality.data_disclosure.Yes,Yes (confirmed),outcome,C,DRE: Loss of Confidentiality,2.5,all,,,,"[""https://www.tlctc.net"",""https://github.com/Barnes70/TLCTC/tree/main/mappings/veris"",""https://doi.org/10.5281/zenodo.20633176""]",DRE C; Confirmed disclosure to a party not entitled to the data: Data Risk Event C.,TLCTC Project,2026-09-18,2026-09-18
321,veris,1.4.1,attribute.confidentiality,attribute.confidentiality.data_disclosure.Unknown,Unknown,outcome,none,outcome (Axiom III),2.5,all,,,,"[""https://www.tlctc.net"",""https://github.com/Barnes70/TLCTC/tree/main/mappings/veris"",""https://doi.org/10.5281/zenodo.20633176""]",Disclosure status not recorded: no Data Risk Event can be asserted.,TLCTC Project,2026-09-18,2026-09-18
322,veris,1.4.1,attribute.integrity,attribute.integrity.variety.Alter behavior,Influence or alter human behavior,outcome,none,outcome (Axiom III),2.5,all,,,,"[""https://www.tlctc.net"",""https://github.com/Barnes70/TLCTC/tree/main/mappings/veris"",""https://doi.org/10.5281/zenodo.20633176""]",A change in a person's behaviour is not a change in a record's state; no Data Risk Event.,TLCTC Project,2026-09-18,2026-09-18
323,veris,1.4.1,attribute.integrity,attribute.integrity.variety.Created account,Created new user account,outcome,Ii,DRE: Incorrect state,2.5,all,,,,"[""https://www.tlctc.net"",""https://github.com/Barnes70/TLCTC/tree/main/mappings/veris"",""https://doi.org/10.5281/zenodo.20633176""]",DRE Ii; A record (the account store) now holds content that its authorised process did not produce: Ii.,TLCTC Project,2026-09-18,2026-09-18
324,veris,1.4.1,attribute.integrity,attribute.integrity.variety.Defacement,Deface content,outcome,Ii,DRE: Incorrect state,2.5,all,,,,"[""https://www.tlctc.net"",""https://github.com/Barnes70/TLCTC/tree/main/mappings/veris"",""https://doi.org/10.5281/zenodo.20633176""]",DRE Ii; Content was replaced: the record's correspondence to its intended state failed: Ii.,TLCTC Project,2026-09-18,2026-09-18
325,veris,1.4.1,attribute.integrity,attribute.integrity.variety.Fraudulent transaction,Initiate fraudulent transaction,outcome,If,DRE: Misattributed state,2.5,all,,,,"[""https://www.tlctc.net"",""https://github.com/Barnes70/TLCTC/tree/main/mappings/veris"",""https://doi.org/10.5281/zenodo.20633176""]",DRE If; The transaction record is accurate about what happened but misattributed to an entitled party: If.,TLCTC Project,2026-09-18,2026-09-18
326,veris,1.4.1,attribute.integrity,attribute.integrity.variety.Hardware tampering,Hardware tampering or physical alteration,outcome,none,outcome (Axiom III),2.5,all,,,,"[""https://www.tlctc.net"",""https://github.com/Barnes70/TLCTC/tree/main/mappings/veris"",""https://doi.org/10.5281/zenodo.20633176""]","Physical alteration of a device is a system-altitude event (the compromise recorded with the #8 step), not a change in a data record's state; no Data Risk Event code.",TLCTC Project,2026-09-18,2026-09-18
327,veris,1.4.1,attribute.integrity,attribute.integrity.variety.Log tampering,Log tampering or modification,outcome,Ii,DRE: Incorrect state,2.5,all,,,,"[""https://www.tlctc.net"",""https://github.com/Barnes70/TLCTC/tree/main/mappings/veris"",""https://doi.org/10.5281/zenodo.20633176""]",DRE Ii; Log content no longer corresponds to what occurred: Ii.,TLCTC Project,2026-09-18,2026-09-18
328,veris,1.4.1,attribute.integrity,attribute.integrity.variety.Misrepresentation,compromise of authenticity (e.g. masquerading as the legitimate owner of an account),outcome,If,DRE: Misattributed state,2.5,all,,,,"[""https://www.tlctc.net"",""https://github.com/Barnes70/TLCTC/tree/main/mappings/veris"",""https://doi.org/10.5281/zenodo.20633176""]",DRE If; Authenticity failed: content may be accurate but its attribution is false: If.,TLCTC Project,2026-09-18,2026-09-18
329,veris,1.4.1,attribute.integrity,attribute.integrity.variety.Modify authentication,"Modified how a user account is authenticated, such as removing MFA device",outcome,Ii,DRE: Incorrect state,2.5,all,,,,"[""https://www.tlctc.net"",""https://github.com/Barnes70/TLCTC/tree/main/mappings/veris"",""https://doi.org/10.5281/zenodo.20633176""]",DRE Ii; The authentication configuration no longer corresponds to its intended state: Ii.,TLCTC Project,2026-09-18,2026-09-18
330,veris,1.4.1,attribute.integrity,attribute.integrity.variety.Modify configuration,Modified configuration or services,outcome,Ii,DRE: Incorrect state,2.5,all,,,,"[""https://www.tlctc.net"",""https://github.com/Barnes70/TLCTC/tree/main/mappings/veris"",""https://doi.org/10.5281/zenodo.20633176""]",DRE Ii; Configuration no longer corresponds to its intended state: Ii.,TLCTC Project,2026-09-18,2026-09-18
331,veris,1.4.1,attribute.integrity,attribute.integrity.variety.Modify data,Modified stored data or content,outcome,Ii,DRE: Incorrect state,2.5,all,,,,"[""https://www.tlctc.net"",""https://github.com/Barnes70/TLCTC/tree/main/mappings/veris"",""https://doi.org/10.5281/zenodo.20633176""]",DRE Ii; Stored data no longer corresponds to its intended state: Ii.,TLCTC Project,2026-09-18,2026-09-18
332,veris,1.4.1,attribute.integrity,attribute.integrity.variety.Modify privileges,Modified privileges or permissions,outcome,Ii,DRE: Incorrect state,2.5,all,,,,"[""https://www.tlctc.net"",""https://github.com/Barnes70/TLCTC/tree/main/mappings/veris"",""https://doi.org/10.5281/zenodo.20633176""]",DRE Ii; The authorisation state no longer corresponds to its intended state: Ii.,TLCTC Project,2026-09-18,2026-09-18
333,veris,1.4.1,attribute.integrity,attribute.integrity.variety.Register MFA device,Register an attacker controlled MFA device to an account,outcome,Ii,DRE: Incorrect state,2.5,all,,,,"[""https://www.tlctc.net"",""https://github.com/Barnes70/TLCTC/tree/main/mappings/veris"",""https://doi.org/10.5281/zenodo.20633176""]",DRE Ii; The account's authentication state now includes a device its authorised process did not enrol: Ii.,TLCTC Project,2026-09-18,2026-09-18
334,veris,1.4.1,attribute.integrity,attribute.integrity.variety.Repurpose,Repurposed asset for unauthorized function,outcome,none,outcome (Axiom III),2.5,all,,,,"[""https://www.tlctc.net"",""https://github.com/Barnes70/TLCTC/tree/main/mappings/veris"",""https://doi.org/10.5281/zenodo.20633176""]","An asset used for an unauthorised function is a system-altitude event (the compromise the step recorded), not a change in a data record's state; no Data Risk Event code.",TLCTC Project,2026-09-18,2026-09-18
335,veris,1.4.1,attribute.integrity,attribute.integrity.variety.Software installation,On-disk software installation or code modification,outcome,Ii,DRE: Incorrect state,2.5,all,,,,"[""https://www.tlctc.net"",""https://github.com/Barnes70/TLCTC/tree/main/mappings/veris"",""https://doi.org/10.5281/zenodo.20633176""]",DRE Ii; The system's software state no longer corresponds to its intended state: Ii.,TLCTC Project,2026-09-18,2026-09-18
336,veris,1.4.1,attribute.integrity,attribute.integrity.variety.Other,Other,outcome,I,DRE: Loss of Integrity,2.5,all,,,,"[""https://www.tlctc.net"",""https://github.com/Barnes70/TLCTC/tree/main/mappings/veris"",""https://doi.org/10.5281/zenodo.20633176""]",DRE I; An integrity effect of unrecorded kind: parent code I (refinement unknown).,TLCTC Project,2026-09-18,2026-09-18
337,veris,1.4.1,attribute.integrity,attribute.integrity.variety.Unknown,Unknown,outcome,I,DRE: Loss of Integrity,2.5,all,,,,"[""https://www.tlctc.net"",""https://github.com/Barnes70/TLCTC/tree/main/mappings/veris"",""https://doi.org/10.5281/zenodo.20633176""]",DRE I; An integrity effect of unrecorded kind: parent code I (refinement unknown).,TLCTC Project,2026-09-18,2026-09-18
338,veris,1.4.1,attribute.availability,attribute.availability.variety.Acceleration,Acceleration,outcome,A,DRE: Loss of Availability / Accessibility,2.5,all,,,,"[""https://www.tlctc.net"",""https://github.com/Barnes70/TLCTC/tree/main/mappings/veris"",""https://doi.org/10.5281/zenodo.20633176""]",DRE A; Service behaviour changed in timing; the data's availability state is affected in an unrefined way: parent code A.,TLCTC Project,2026-09-18,2026-09-18
339,veris,1.4.1,attribute.availability,attribute.availability.variety.Degradation,Performance degradation,outcome,A,DRE: Loss of Availability / Accessibility,2.5,all,,,,"[""https://www.tlctc.net"",""https://github.com/Barnes70/TLCTC/tree/main/mappings/veris"",""https://doi.org/10.5281/zenodo.20633176""]",DRE A; Service degraded; the data's availability state is affected without the record saying whether it is absent or unusable: parent code A.,TLCTC Project,2026-09-18,2026-09-18
340,veris,1.4.1,attribute.availability,attribute.availability.variety.Destruction,Destruction,outcome,Av,DRE: Unavailable state,2.5,all,,,,"[""https://www.tlctc.net"",""https://github.com/Barnes70/TLCTC/tree/main/mappings/veris"",""https://doi.org/10.5281/zenodo.20633176""]",DRE Av; Data is gone: Av (unavailable).,TLCTC Project,2026-09-18,2026-09-18
341,veris,1.4.1,attribute.availability,attribute.availability.variety.Interruption,Interruption,outcome,A,DRE: Loss of Availability / Accessibility,2.5,all,,,,"[""https://www.tlctc.net"",""https://github.com/Barnes70/TLCTC/tree/main/mappings/veris"",""https://doi.org/10.5281/zenodo.20633176""]",DRE A; Service interrupted; whether the data is absent or present but unreachable is not recorded: parent code A.,TLCTC Project,2026-09-18,2026-09-18
342,veris,1.4.1,attribute.availability,attribute.availability.variety.Loss,Loss,outcome,Av,DRE: Unavailable state,2.5,all,,,,"[""https://www.tlctc.net"",""https://github.com/Barnes70/TLCTC/tree/main/mappings/veris"",""https://doi.org/10.5281/zenodo.20633176""]",DRE Av; Data or the asset holding it is gone: Av (unavailable).,TLCTC Project,2026-09-18,2026-09-18
343,veris,1.4.1,attribute.availability,attribute.availability.variety.Obscuration,Conversion or obscuration (ransomware),outcome,Ac,DRE: Inaccessible state,2.5,all,,,,"[""https://www.tlctc.net"",""https://github.com/Barnes70/TLCTC/tree/main/mappings/veris"",""https://doi.org/10.5281/zenodo.20633176""]",DRE Ac; Data is present but converted or encrypted so it cannot be used (ransomware): Ac (inaccessible).,TLCTC Project,2026-09-18,2026-09-18
344,veris,1.4.1,attribute.availability,attribute.availability.variety.Other,Other,outcome,A,DRE: Loss of Availability / Accessibility,2.5,all,,,,"[""https://www.tlctc.net"",""https://github.com/Barnes70/TLCTC/tree/main/mappings/veris"",""https://doi.org/10.5281/zenodo.20633176""]",DRE A; An availability effect of unrecorded kind: parent code A.,TLCTC Project,2026-09-18,2026-09-18
345,veris,1.4.1,attribute.availability,attribute.availability.variety.Unknown,Unknown,outcome,A,DRE: Loss of Availability / Accessibility,2.5,all,,,,"[""https://www.tlctc.net"",""https://github.com/Barnes70/TLCTC/tree/main/mappings/veris"",""https://doi.org/10.5281/zenodo.20633176""]",DRE A; An availability effect of unrecorded kind: parent code A.,TLCTC Project,2026-09-18,2026-09-18
